n_runs,mean_log2LP/HP,stderr_log2LP/HP,p_value,q_value
3.0,0.2775360771874405,0.2385826329966273,0.3647406857812706,0.4769230458149148
3.0,0.10179136193976206,0.9405304660694502,0.9236946440197984,0.9450712557571627
3.0,-0.6479399616750469,0.8679851160887619,0.5331939780326446,0.6323514403167841
3.0,-0.7130029804954104,0.17937825269722596,0.05785497927333551,0.13499495163778286
3.0,-2.2704518669067437,0.2462492078443786,0.011559617577925507,0.0559051255938866
3.0,0.17071901523464716,0.23086392771251998,0.5366321332344977,0.6348887210098282
3.0,-1.7461177585649514,0.28929162672525466,0.026368056857661255,0.08518910677090559
3.0,-0.8168734036352691,0.26878628585636155,0.09335533722781282,0.18042131730287436
3.0,-0.15272595947601053,0.09145996991298765,0.23689533260895496,0.345472360054726
3.0,-1.1766285079066379,1.1336795179292911,0.40834179532103887,0.5158001625107859
3.0,0.5039042712181692,0.03958454028946443,0.006114453584067895,0.04280087121069723
3.0,-0.2083563204887486,0.05838724315513655,0.07034257268567976,0.15035053703809415
3.0,0.016794477371531287,0.08262497157512534,0.8577343243120856,0.8928089621092341
3.0,0.8440948050361686,0.2081588433523818,0.05577525469591933,0.13123589340216313
3.0,0.21789819455149265,0.11419460706987496,0.19660065489308104,0.30582324094479274
3.0,0.20520703361639972,0.027281796880193703,0.01721986077134801,0.0676308008202502
3.0,-0.6981478521460952,0.017394117470241815,0.0006201629811460126,0.024394137980011842
3.0,0.7952167257024055,0.4653537720458767,0.22960530868756024,0.34037505270747453
3.0,0.46000690583990006,0.060256739638718956,0.01672926176327712,0.06723722431173579
3.0,0.7710919905734822,0.09886667793782017,0.016044871252183443,0.06510962247262847
3.0,-0.627875739095078,0.4100035663034908,0.2653452788350472,0.37523574784754155
3.0,0.01404412044551285,0.1289711005208398,0.9232278861517389,0.9450712557571627
3.0,-0.6290653239305413,0.07938227089864366,0.015553578734710275,0.06467824820374571
3.0,1.7837109126046367,1.5564604142559795,0.3704151651351758,0.48240114529232203
3.0,0.7321597220733667,0.23798609460541625,0.09140106618384004,0.17813664871096435
3.0,1.2124605573674387,0.06453281502572204,0.0028208845328142706,0.03186665680224898
3.0,-0.16207047159360785,0.28133414167356,0.6227496509980105,0.7097825058864705
3.0,-2.151799707436757,0.5863949999138726,0.0668976055414843,0.1456553702595528
3.0,0.6168171123576743,0.5160217623164588,0.35447033553469276,0.46964523950968756
3.0,-0.8832961519474759,0.03866807237880215,0.0019109358842241255,0.027829822800860757
3.0,1.4947853551564627,0.1915469897645735,0.016027048933621234,0.06510962247262847
3.0,0.06273033823703383,0.06004377303359757,0.4058093530704875,0.5144811431079223
3.0,-1.3980919056144643,0.1191759131975407,0.007187920875083065,0.044993920576644426
3.0,-3.033253719986235,0.3852981017063335,0.015754964181747114,0.06496154950424413
3.0,-0.13140131883923065,0.06159094622297573,0.16649424545544092,0.26710136692080205
3.0,-0.6854568236345742,0.30177612469328796,0.15109309834348839,0.25082648736863683
3.0,1.5268041263374705,0.1255154113436437,0.006690398116982272,0.04442903865363399
3.0,-0.3729123628337834,0.024926158530558924,0.004438114079999788,0.03749787281487458
3.0,0.1700063787438351,0.11561673521884258,0.27924972393870573,0.39225713730520534
3.0,-1.0006947775379837,0.26579441887191935,0.0638645811775755,0.1425783990850229
3.0,-0.5179438233105866,0.09300542722099553,0.030763984254203444,0.09223960413718651
3.0,-0.26705005211743854,0.03901525450702833,0.020684442474611493,0.07362259185878667
3.0,0.5729259980506324,0.11873219099328784,0.04036516725972281,0.11044540878881812
3.0,0.08319801029368927,0.07884561697095332,0.4019817638732408,0.5116131540204882
3.0,1.5578027303921171,0.0852685439940724,0.002982677817888159,0.03186665680224898
3.0,-0.6097246851990996,0.026320381949494306,0.0018582535041961233,0.027829822800860757
3.0,-0.26177490106565776,0.14311023295801437,0.20887269088935773,0.31842660680047274
3.0,0.6160319442816845,0.10234409222289259,0.02650808957063325,0.08531339172157829
3.0,0.03565296533779765,0.04951105207205445,0.5462479630614033,0.6417458587015088
3.0,-0.20816745053137706,0.024865090612175914,0.013969448447733476,0.062001563017058205
3.0,0.5613532400250132,0.02782450089314069,0.002447853281233127,0.029811276545505992
3.0,0.01752246181389054,0.03131878007911668,0.6321252186166693,0.7156134550377388
3.0,-0.7431174452817033,0.06479191434398819,0.007516378516152037,0.04575186922875153
3.0,0.35965711737465816,0.0703831878041169,0.0362282944966447,0.10350941284755628
3.0,4.073188893038872,0.2666896939804457,0.00425952933469527,0.03684403586762492
3.0,3.6224764937165594,1.5190550366270608,0.1398767453564747,0.23736659818068437
3.0,-0.34641922733805425,0.2636475618301942,0.3193403410838327,0.4333536131024547
3.0,0.42469800312684497,0.14041300679158714,0.09412900056474094,0.18093446332810614
3.0,-0.37163515273502506,0.17428064853815617,0.16662037650773842,0.26710136692080205
3.0,-0.4287850011363239,0.059292771729238074,0.01859006440673102,0.07065906833327627
3.0,-0.526446112507004,0.049188267988011,0.00861733800083303,0.048689962111487045
3.0,0.750582271708217,0.06409359665070018,0.007212967576839349,0.044993920576644426
3.0,1.3645595990754886,0.20758631121189897,0.022369024849314727,0.07732502417047066
3.0,-0.3227490605794545,0.07464242450008392,0.049544878260055006,0.12473283223664801
3.0,-0.2847990326242223,0.07622119148046172,0.0647477100435702,0.14388380009682267
3.0,-0.015550130709743268,0.17108873009030184,0.9358638953756033,0.9530771626157781
3.0,-1.4053931490783222,0.24856807779125734,0.02988675191586536,0.0912904422157342
3.0,-0.9595550707129972,0.24224483777206157,0.05822318095830865,0.13520993452753527
3.0,-1.4513901877917768,0.09841969195009433,0.004566807202768656,0.037528113659917
3.0,0.511349668191312,0.4109918096153942,0.3394688601391673,0.4540666282116251
3.0,-1.2184230577966453,0.40349053910173777,0.094394294510188,0.18094830147115432
3.0,-0.0814643720794241,0.16373417389158237,0.6681253808311465,0.7398005053795693
3.0,-0.9438950502214055,0.1616656560200899,0.028104344947848088,0.0884181638808704
3.0,0.20590745983278858,0.07524140024514134,0.11161260725155672,0.20162277438990892
3.0,-1.321774121614838,0.3106174778563343,0.051034512608469106,0.1260852664444531
3.0,-0.5083380598468313,0.5073280682697984,0.4218842317653345,0.5297201116336039
3.0,0.5560764636876258,0.13397069963569458,0.05343350140598318,0.12897741718685596
3.0,1.007912932671142,0.04768500076343181,0.002230809144631125,0.028852080668930878
3.0,1.4777576228198266,0.09719945378831936,0.004298470851222908,0.03684403586762492
3.0,0.46814910391465786,0.13637539982051025,0.07538913004541545,0.1562636438669819
3.0,-0.6203003176668487,0.23003906549655784,0.1144063342511039,0.20622601023804135
3.0,-8.75566167339788,0.2218360577605813,0.0006413105750838821,0.024394137980011842
3.0,1.91270024285269,0.16475742415160607,0.007338294189286056,0.044993920576644426
3.0,0.14990618320623,0.2762088045786084,0.641711439075806,0.7235404145284254
3.0,-0.3918485552499462,0.0398450594131329,0.010182154692379914,0.05312428535154738
3.0,0.19150760853132956,0.12858564086872867,0.2748404900091246,0.38735907987863194
3.0,0.17971212046093474,0.043556506758185336,0.05402598796570098,0.12957357883536608
3.0,-0.2941253902110888,0.07917739407008664,0.06543404148286096,0.14464367064632425
3.0,0.47354253564735904,0.01919904515222052,0.0016397289281882823,0.027829822800860757
3.0,0.3745215028071944,0.009734718826408037,0.000674921812219722,0.024394137980011842
3.0,0.4844123777977744,0.18352549689627695,0.1185485228238585,0.2114241171380916
3.0,-0.5899188306324173,0.073509914008161,0.015175154174146674,0.06437944195092528
3.0,-0.19854091548301414,0.21391046516386125,0.4513138232770463,0.5583263793118098
3.0,1.136288985957896,0.1315139722355649,0.013132427974865404,0.06018291013175142
3.0,-0.34669814579116776,0.05524263963014683,0.024461285429637714,0.08086966854786445
3.0,-0.5853718276310848,0.27351482846946334,0.16569408139774583,0.26710136692080205
3.0,-0.8455456221625354,0.33439283224050315,0.12722891612750264,0.22304907885691522
3.0,0.623603087501544,0.3168137004069438,0.18787818464340791,0.29554948835307177
3.0,-0.41071753714399034,0.4582515622496365,0.4646911948205088,0.5667867727619721
3.0,0.013671052897348145,0.04413877698197428,0.786059464814898,0.8369728699704916
3.0,-1.1497100557266078,0.05176400563674692,0.0020209752272053647,0.027829822800860757
3.0,-0.5030029958775647,0.03996935787989956,0.006254945532646295,0.04280087121069723
3.0,-1.382690681655406,0.07401587839366452,0.0028532373813766883,0.03186665680224898
3.0,0.586548306543137,0.07800321308108206,0.017229751637539932,0.0676308008202502
3.0,-1.3152179518011404,0.1283432770879108,0.009388602300399082,0.050512415706273114
3.0,-0.7670716610488637,0.8411139391446203,0.45805134057274255,0.5625191901770523
3.0,0.2354069173756177,0.16440946608507015,0.28852923585997986,0.40201743284193425
3.0,-0.7029109413708979,0.0808126175416571,0.01296133540740302,0.05982154803416778
3.0,-1.2281160119372123,0.28713864555624724,0.05055489498398008,0.12563938398385582
3.0,-0.12247952067607963,0.4237352701898016,0.7997525128252322,0.8482223620873675
3.0,-1.1791532463931662,0.26709752267987585,0.04767058826073828,0.1230931521674727
3.0,0.4763390986660892,0.0944932328262494,0.03717185436576052,0.10584528022792827
3.0,-2.823580030099897,1.0830938799381296,0.12100634947773264,0.21505348659763723
3.0,0.8866385843240501,0.11779744417514051,0.017197353645336606,0.0676308008202502
3.0,-2.4308878646513783,1.0728305514622025,0.1516735214544632,0.25129340832692126
3.0,0.22170813054006033,0.1929001758808003,0.3693106199108134,0.4817095042314957
3.0,-0.7454507470757695,0.05454338282890974,0.00531099227066728,0.0398324420300046
3.0,0.46188528340251117,0.41650525353368684,0.382940279520541,0.4918499003016123
3.0,1.4905349125397052,0.014272719816555967,9.167891150127089e-05,0.024394137980011842
3.0,-1.0209217265678847,0.19062075185640304,0.03313903457845051,0.0958305154184445
3.0,0.7326965363546266,0.12076084156269613,0.026105607127370558,0.08466683392660722
3.0,-0.134196093576713,0.14297269978539584,0.44701227257020215,0.554638565670561
3.0,-0.5034071536896386,0.24422299116749419,0.17541632316807243,0.27960097051457466
3.0,0.29647302263698966,0.07859437757357601,0.06364159726656374,0.1425783990850229
3.0,-0.25654574595628626,0.2781696056929959,0.4537527619683198,0.5588743695797488
3.0,0.4031744141196556,0.12586538731066463,0.08519072213512466,0.17038144427024932
3.0,0.6269118075339958,0.307771916299143,0.17856852651309912,0.28301426843585525
3.0,-0.5655766244423083,0.16327455449717795,0.07418528433284126,0.15529149631622652
3.0,0.5540912335506841,0.2266133895957654,0.13436383824347123,0.23033800841737923
3.0,0.044876803425986135,0.07044636735088088,0.5892927952111728,0.6780903396950482
3.0,0.014203530555951235,0.12259672802028032,0.91835116980976,0.9430501010271374
3.0,0.3987832915821315,0.23766798386338384,0.23536830112105833,0.3438423877246765
3.0,1.3710227447775383,0.8248554083771714,0.23837667180099853,0.34642976524712593
3.0,0.7968613190283135,0.7352781668088942,0.391736549923396,0.5000892126681652
3.0,-0.01544368533135225,0.150496418407828,0.9276281881715396,0.9467894022649979
3.0,-0.4984960590212286,0.15857428931453346,0.0880337841498207,0.17399618514317505
3.0,-0.6575752701605379,0.1664880186474932,0.058531081989824436,0.1352253780896081
3.0,0.4412275925606226,0.0821997512171105,0.03299857806668977,0.0958305154184445
3.0,0.5050949186314425,0.17479165021485962,0.1017963465334697,0.1877513290247898
3.0,-0.024223780157496665,0.4289847583570187,0.9601031016543935,0.9693348622472242
3.0,0.01790266549043142,0.04323783205853295,0.7190169962915819,0.7854021806045889
3.0,-0.9030782547529835,0.2551399448297072,0.07137838051354564,0.15181966295124333
3.0,-1.2508847459057808,0.03825176965405116,0.0009338127826628334,0.024394137980011842
3.0,-0.39760121269761967,0.0696693489469376,0.029358133012236783,0.09041828676980625
3.0,0.5139635522834122,0.07066360150778543,0.018383202700998046,0.07051091446958153
3.0,0.760775257617533,0.042633274888712866,0.0031256814044843886,0.03186665680224898
3.0,-0.2673568098390317,0.8636074746024585,0.7861566600079974,0.8369728699704916
3.0,-0.5327970105400408,0.1345653996178532,0.05826904321305687,0.13520993452753527
3.0,1.2418021371575885,0.0832480180456726,0.004464032477961259,0.03749787281487458
3.0,2.7920286407806922,0.08515334078156364,0.0009288769946539909,0.024394137980011842
3.0,0.006615229318312464,0.10060594226501482,0.9535551725377475,0.967374812719454
3.0,-0.08587457012580146,0.21616249910289367,0.7295566032469272,0.7938180657090919
3.0,-0.09834885683127319,0.042861310310973885,0.14869993194606648,0.24734246105880364
3.0,0.30566470682066466,0.0527141205402611,0.02847721499148946,0.08888100792293911
3.0,-0.008824291350689378,0.1532857820965913,0.95932725828811,0.9693348622472242
3.0,-0.6866388272149186,0.3263725359756087,0.17007631333232454,0.27212210133171927
3.0,-0.5059072393122144,0.1231808503799603,0.05448498970062822,0.1296526667097102
3.0,-0.13739467917714945,0.10235954851992898,0.31158157918800067,0.42641208483604065
3.0,0.0032717588360381225,0.21095330595489578,0.9890338587521789,0.9913943214222317
3.0,0.31734489001087113,0.037409294079182344,0.013613091313432503,0.06082445054937926
3.0,0.5107753732484668,0.16948025858926058,0.0947150505732531,0.18094830147115432
3.0,-0.09400966073138149,0.11427899455382448,0.4971896530727119,0.5988091310600473
3.0,-0.0975216128324714,0.09531373503552559,0.41383650953537,0.5211734153069127
3.0,-0.04813143613761143,0.1695727641699664,0.8032194838815476,0.8504085853624169
3.0,0.41911401126848397,0.14181568915993026,0.09795949027465684,0.18384699166789026
3.0,-1.109834292398358,0.04281489076892517,0.0014849273921365978,0.027829822800860757
3.0,0.39475838200807717,0.18008179305504518,0.15969490282030993,0.26199944993957097
3.0,0.16947149459887179,0.33711947333209885,0.6650654138173631,0.7389615709081813
3.0,2.7883501557184958,0.05540551119429741,0.00039459737749177124,0.024394137980011842
3.0,0.3742906800468416,0.11393676385689,0.08149646808613349,0.16416554722386603
3.0,-0.9629935457457401,0.04829760975457257,0.002505934196913208,0.029811276545505992
3.0,0.23755750647220755,0.09522709838694216,0.13006505719777695,0.22573274389696826
3.0,0.23521576726967353,0.10651791600553234,0.1578927975535705,0.2595498041976501
3.0,-0.34339514781451413,0.04629129713590306,0.017691511582388787,0.0687260985651697
3.0,-0.14371245987084444,0.30559336652651914,0.6844553245765961,0.7532094791297839
3.0,-1.2401832709981033,0.12750353052768357,0.010405257043638594,0.05329521900400255
3.0,0.15107315931267876,0.009525602308986783,0.003952116543747583,0.034945030492083896
3.0,0.5635511646358861,0.0958359149813933,0.027722496229748192,0.08787508238863578
3.0,0.2941151273343824,0.06311351644857978,0.043093239158766734,0.11564958751873501
3.0,-1.6097344146502672,0.6333381942658987,0.12616060701953116,0.2221926042474689
3.0,-0.10258920791854981,0.41376931683587415,0.8273150324328362,0.869738249806817
3.0,0.840426788610198,0.22346848721563958,0.06399054339887338,0.1425783990850229
3.0,-0.09526200209890291,0.2612695326004565,0.7503443357899408,0.8111830657188549
3.0,0.13634305231510982,0.02780135710941565,0.03915263380715334,0.10854600628452586
3.0,-1.4765632859284334,0.0640373604398562,0.001875597014066102,0.027829822800860757
3.0,-0.2810181611284894,0.015996492230923,0.0032246021764180516,0.03186665680224898
3.0,0.07514287545463577,0.09355785513927439,0.5061580704718143,0.6066977329311024
3.0,2.2711025531200035,1.2940056313577877,0.22133002079073963,0.3308135542067995
3.0,0.7267981521864089,0.3820756775884006,0.19748317997735104,0.3066282276912659
3.0,-0.19623608660669303,0.12103047823143522,0.24638961006084725,0.35745642910381986
3.0,3.098881170607584,1.8238327120018396,0.2313992525781886,0.3406724771602923
3.0,0.08448151123420737,0.09750488637028402,0.47758804049055414,0.578894594534005
3.0,-3.089141578055776,3.110810245781409,0.42534014449156277,0.5332622707058399
3.0,-0.1835512508965644,0.049692163958682464,0.06610775155063187,0.14536783063489728
3.0,0.05605766151769725,0.06055333590615851,0.45230366392334187,0.5587280554347165
3.0,0.0785382051241635,0.005930180305329691,0.005653000956337924,0.0412914852462944
3.0,2.40248473280565,1.7547774837772168,0.30444295588590187,0.4192329228592747
3.0,-0.09154313714477165,0.2629773751192056,0.7609883310883245,0.8216326453909931
3.0,-0.7531930999625484,0.2945462872114584,0.12491248989758477,0.22089787687151832
3.0,-0.7791664796946063,0.12746972334119713,0.02573546412158569,0.08444449164895304
3.0,0.184826146682432,0.0732424941945935,0.12765074517064673,0.22304907885691522
3.0,-0.10435687692428201,0.25004469079582886,0.7169550936107576,0.7841696336367662
3.0,-0.7166399220938052,0.17932597557421662,0.05728804728163638,0.13404445603502665
3.0,-0.7522803075661552,0.1324177204572639,0.02961422703922186,0.0907881412881254
3.0,-1.0205185007651585,0.2831209397986164,0.06908576512483848,0.14804092526751103
3.0,-6.661034512430541,1.6163257501681096,0.054143245441920826,0.12957357883536608
3.0,-0.5478349614401928,0.04562831305227563,0.00686560469899523,0.04493052905010774
3.0,-0.5476644083680106,0.5230101915403917,0.4049289713353814,0.5144811431079223
3.0,-0.17158509549593837,0.9613105117503099,0.8747813292804605,0.9071806377723294
3.0,0.31898443444449076,0.05245710718292764,0.02599407877193564,0.08466683392660722
3.0,-0.629373611107677,0.33767154477564665,0.20335982779177061,0.31297735806292626
3.0,0.7646775952313972,0.20182803178882072,0.06313773391261562,0.14251969211671395
3.0,-0.23807702558567753,0.18384119844079888,0.32465742430465583,0.437740347377064
3.0,0.031009548254088526,0.1295726369691786,0.8331462471344144,0.8726220044799353
3.0,0.2778704483006564,0.062226234166177036,0.046666539071170736,0.12136189727487126
3.0,0.23623101182553044,0.20097571836281444,0.3608080139873755,0.47504503408996146
3.0,-0.9978316237824867,0.33782175498309985,0.09805172888954147,0.18384699166789026
3.0,0.5930565880697579,0.05101558446364648,0.007318555832397896,0.044993920576644426
3.0,0.1344571249677915,0.10223856595068283,0.31901163752003836,0.4333536131024547
3.0,-0.1299684048049656,0.05649244014718503,0.14808378907404662,0.2469396471812517
3.0,2.771271421375017,0.8608108657534408,0.08444289621414262,0.16969385842076506
3.0,-1.3874353993628883,0.3157877239161013,0.048097422931142796,0.12355301303412829
3.0,4.36175938623584,0.0674588276334464,0.00023911035366409414,0.024394137980011842
3.0,-0.19426468710735065,0.295010954591287,0.5778865923421515,0.668230331439727
3.0,1.0494138242740727,0.21459007034954372,0.03936205372020269,0.10876356949003374
3.0,-0.31331027986629606,0.04651814841859647,0.021341124399574394,0.07532161552790963
3.0,1.4227989198650846,0.38474830503143925,0.06597114331352834,0.14536783063489728
3.0,0.3878348654324036,0.4404902920956595,0.47147887465016636,0.5739742821828112
3.0,1.4988598777572761,0.06310505238590289,0.001767882240519215,0.027829822800860757
3.0,0.07263741526824877,0.07649588523778922,0.4425591845624489,0.5503627553809338
3.0,-0.03468560002286829,0.10772942626317335,0.7780134642466451,0.8325239617416329
3.0,-0.04242852668273667,0.18451578262336668,0.8395117659529748,0.8781941262770845
3.0,-0.787636907723809,0.27311564661744564,0.10214566352896302,0.1877513290247898
3.0,-1.370230295429591,0.3471372517092549,0.05859766383883019,0.1352253780896081
3.0,1.3232141326040183,0.12107082496481678,0.008268113230248026,0.04823066050978015
3.0,0.04069645924709236,0.1079966976151571,0.7425242774419156,0.8037633931072282
3.0,-0.9477127361745697,0.09927069559998293,0.010794733646012944,0.0539603737739348
3.0,-1.1357241603980421,0.576631658112817,0.18770629072042627,0.29554948835307177
3.0,-1.4567300064217086,0.1301432033931676,0.00788720312873105,0.04732321877238631
3.0,-0.6082880116329662,0.20321873420767536,0.09583606809092313,0.18178379301289724
3.0,-0.04309803360597956,0.1071989765483024,0.7265514020607899,0.791573511972845
3.0,-0.3355282734601018,0.34546573140301073,0.4338817839200787,0.5415463573445262
3.0,0.18911430116413394,0.043310057163764196,0.04865222444037693,0.12459716015218482
3.0,0.07448038473695275,0.06606168980580066,0.37663214974003123,0.48822686077411453
3.0,0.3176486173151714,0.06214133407820447,0.03620514504931398,0.10350941284755628
3.0,0.4399129886390445,0.07603394560527015,0.02859791256936078,0.08888100792293911
3.0,-2.7403468081149107,1.3357790542942038,0.1766724396814488,0.28080048562672694
3.0,-0.03429582780280821,0.16691538873962797,0.8562215018647736,0.8928089621092341
3.0,-0.9743088741396612,0.18065108590294454,0.03270156634937044,0.0957119015103525
3.0,0.29393213379808564,0.06445799291408497,0.0448779766396598,0.1200557336857141
3.0,-0.26869839485057284,0.1251412860745571,0.16487022583515934,0.2668419840106625
3.0,0.8777796386126084,0.02997108088248453,0.001163791414370142,0.026421210488403225
3.0,3.0105972244883286,0.23811679082328574,0.006197587960883819,0.04280087121069723
3.0,0.09645380927762058,0.6567520131333116,0.89670634260588,0.9253480685367804
3.0,-0.28556996025885834,0.026924349992472656,0.008772456831351085,0.049055843190962636
3.0,-0.25179393288913127,0.2890770182134946,0.4755786332770022,0.5772919825905807
3.0,0.6665085117582089,0.09186566997516392,0.018472675951464065,0.07053203545104461
3.0,-1.4626198467248397,0.2236359819782007,0.02258954921076639,0.07776730056165479
3.0,-0.014970049348570094,0.14356486549425915,0.926466922880798,0.9467545197322025
3.0,0.8510650709672873,0.17157429612612302,0.03832136641976165,0.10801995903556975
3.0,-0.011469349458532044,0.022332230117733855,0.6586568113753846,0.7347566023311062
3.0,-2.2875980099219078,0.1413490040063528,0.0037961870153262133,0.03421546411552936
3.0,-0.5112600162399416,0.015616832779071183,0.0009317404633728023,0.024394137980011842
3.0,-0.21690904558648785,0.21470570080372192,0.41872004352311865,0.5265341864661971
3.0,0.17892134882925317,0.06252680293384752,0.10350921967037274,0.18901683591981108
3.0,1.1277855085906123,0.7300912606923201,0.26242301999273476,0.3739286985601271
3.0,0.04495197032100911,0.11396023175358723,0.7313344396425824,0.7947230650708528
3.0,-0.6924487945707867,0.2761118427452759,0.12895100841506318,0.22472789848268274
3.0,-0.4720398358415423,0.11253752027053783,0.0524096235342826,0.12792307398241534
3.0,0.3836221885652253,0.13504031871127647,0.10479453121077408,0.19083760977571268
3.0,-0.06841568784473029,0.1037745473142756,0.5774798037152278,0.668230331439727
3.0,-0.9303361956946447,0.14841370269164886,0.024516833927495887,0.08086966854786445
3.0,0.4369858817293526,0.09683568892782785,0.04576170928020918,0.12055888003717408
3.0,0.10757234196682776,0.2164553574848192,0.6684625995036823,0.7398005053795693
3.0,-0.4872364823610596,0.3411558289695803,0.2894240581043597,0.40251027948288437
3.0,-0.2630772487136921,0.05819521508061497,0.04561180463081915,0.12055888003717408
3.0,-0.008582385746210328,0.05408556978410619,0.8884948768223195,0.9192609259643775
3.0,0.4599991561615278,0.5922282844043517,0.5186006536278307,0.6170319391605917
3.0,2.147745744064444,0.052417381659817235,0.0005951097951315584,0.024394137980011842
3.0,-0.3300056579179958,0.048176948015637974,0.020654562798461982,0.07362259185878667
3.0,0.17310512892875932,0.09685739942210699,0.21581196993894017,0.32604686105883046
3.0,1.6058487325797743,0.13716698100381722,0.007217194599661834,0.044993920576644426
3.0,0.31473509080861756,0.5309140228502848,0.6134063550870291,0.7019909240777991
3.0,0.45722953003760375,0.06805679299631036,0.02144503422918933,0.07537166842058174
3.0,1.5457440899449215,0.44934392257820166,0.07510831273756877,0.1562636438669819
3.0,-0.18913346910378756,0.08191223826586187,0.1472398586591426,0.2469396471812517
3.0,0.10512079552839397,0.1006876975037832,0.40607261652446724,0.5144811431079223
3.0,0.1542790753911355,0.21758010133825942,0.5517949508592461,0.6473572049186687
3.0,-0.24389022901975455,0.046198517729217944,0.03405870988042401,0.09797711061491839
3.0,2.3369249228779414,0.08948349836329289,0.0014629939125006463,0.027829822800860757
3.0,-0.3992175045162378,0.302009353312941,0.3171467003678773,0.43191603721074084
3.0,-0.7190702396309062,0.24502370564600987,0.09914373994673067,0.18548049344154516
3.0,-0.345479096863569,0.31145710411127153,0.3828435937669763,0.4918499003016123
3.0,0.463446640444604,0.023066119914044045,0.0024679681931546946,0.029811276545505992
3.0,1.2079815751349368,0.24424639059195083,0.03853472528953871,0.10825809111442314
3.0,0.5685736727799179,0.1547032100378653,0.06671006006098854,0.1456553702595528
3.0,-0.7073251213115007,1.085038799604192,0.5813784686847159,0.6699011161799195
3.0,-0.5643127603142098,0.05961881231440097,0.010978148822498994,0.05424497065234798
3.0,-3.1565014391660084,0.32822240386260787,0.010640196312262758,0.05370877158288231
3.0,0.7246400772566228,0.036443838670516496,0.0025197626603939587,0.029811276545505992
3.0,0.646686650925236,0.1686703869355839,0.06179012622012782,0.14046174299238426
3.0,-0.4830319792478584,0.06792065426667897,0.019204338170429824,0.07137895603168608
3.0,0.5008839211036585,0.11969562333362745,0.05263779945513029,0.12792307398241534
3.0,-0.4371803363561016,0.012631506647450705,0.0008337688277308591,0.024394137980011842
3.0,-3.7969186920286973,0.4548472673271423,0.014048851256256696,0.062001563017058205
3.0,-0.5344787165871187,0.07702830525113087,0.020144676912167543,0.07262458629279286
3.0,-0.6648357024709513,0.15921276167048823,0.052844412704640624,0.12792307398241534
3.0,-0.49711017295385895,0.35014964260939846,0.29152365799590746,0.4044233013744977
3.0,0.09927087923506117,0.18407061279629966,0.6436812153504262,0.7247884998583888
3.0,0.3907750807267238,0.10794591666867064,0.06855239601420991,0.147273689646896
3.0,0.5840797831578187,0.23965415212005553,0.1350690090302042,0.23102723749255136
3.0,-0.07658772201429875,0.04129977952405319,0.20483942023679105,0.3139874324797527
3.0,-0.01610888568567911,0.0710736856292185,0.8417533169945368,0.8794437640241428
3.0,-0.9584184195054964,0.12093587119527872,0.015551634774078412,0.06467824820374571
3.0,-0.9877945965411327,0.04211257436297533,0.001812626057982601,0.027829822800860757
3.0,-3.662311415146611,1.591982694153825,0.1481002112740496,0.2469396471812517
3.0,-0.30236331110128006,0.5289352313345183,0.6252435677826289,0.7106963422698354
3.0,-0.860166919296884,0.03147248566462496,0.0013360588031274198,0.027829822800860757
3.0,1.8276032273471092,1.084038528877886,0.23385664909220016,0.34222924257395143
3.0,-0.6490773753295286,0.11837835986186056,0.03168963742204886,0.09340103661235453
3.0,-1.7258738720119542,0.09598337692373296,0.0030786814251566917,0.03186665680224898
3.0,0.06658709999174374,0.054601330985991306,0.34694837803299483,0.46218071044388076
3.0,0.2906491465073195,0.08475556702921722,0.07552742786904125,0.1562636438669819
3.0,1.4381445088353677,0.46817460764788277,0.09164206101522658,0.17819289641849612
3.0,-0.7511118976280787,0.041312031295323216,0.0030114701697537168,0.03186665680224898
3.0,0.06121305983087888,0.9100201618768561,0.9524897437730195,0.967374812719454
3.0,0.6663293537407574,0.07416701853178082,0.012163628263255701,0.05740139180412803
3.0,0.06155988896131542,0.1183878396564322,0.6549031103006877,0.7334914835367703
3.0,-0.2875062635583547,0.24708928927956988,0.36464230118197294,0.4769230458149148
3.0,-0.938584220071867,0.29663831059735496,0.08704292370044617,0.1727053181487467
3.0,-0.526539968672307,0.2699451722265889,0.1904031813690012,0.2978373786777672
3.0,0.4007736396931601,0.23631041959637106,0.23198173444724668,0.3406724771602923
3.0,-0.9337054434712565,0.34730070172019034,0.11497766781396972,0.20681207915146588
3.0,0.6671129543424845,0.39516043556603675,0.23342791660969553,0.3421979929356793
3.0,0.19009613535450218,0.02126786279811681,0.012286809020971581,0.057658768590034236
3.0,-0.026523980264678615,0.2149127703959564,0.9130611355850493,0.938765427039708
3.0,-1.208940200342211,0.17717442154322893,0.020809850268637145,0.07375643133187848
3.0,-2.4490786395327055,0.37543857983746903,0.0227030154654992,0.07783891016742583
3.0,-0.7860210329238083,0.07440142769794507,0.008841070823054804,0.049055843190962636
3.0,1.1450390259379741,0.05402296167447388,0.0022185492425852884,0.028852080668930878
3.0,0.2317215406109436,0.1063437508557019,0.16118237942430685,0.26341089244439253
3.0,0.2649965526545359,0.10708293576868873,0.13177314338024032,0.2272883787256712
3.0,-0.31966895482958707,0.13884162318722237,0.14790455844273032,0.2469396471812517
3.0,-1.2570955191330786,0.09294790807793307,0.005422493342784312,0.040308800070255064
3.0,-2.01158192387442,0.293035174763835,0.02056845833722847,0.07362259185878667
3.0,0.45011520417800294,0.13664543945585952,0.08110596318847754,0.16405987599068075
3.0,-4.556878179059133,1.5001243694144686,0.0934324678889885,0.18042131730287436
3.0,0.3289463881209125,0.6400832293060336,0.6584609630162053,0.7347566023311062
3.0,0.6055843266047646,0.08191134274862526,0.01780803002219877,0.0687260985651697
3.0,-0.5512439163883399,0.3482181367129246,0.25424567962886774,0.36507071946709213
3.0,-0.8481108704513208,0.05263056935676325,0.0038288733653092377,0.03421546411552936
3.0,-0.6654500722909656,0.04779611918469,0.005119286148595659,0.03909273058927595
3.0,-1.6915711099603488,0.09325769456222932,0.0030256196373955064,0.03186665680224898
3.0,-0.39707411602060305,0.0384235239176988,0.009234279500361457,0.050368797274698854
3.0,-1.204170455239965,0.7695626715785432,0.2581082818346448,0.36998456781757955
3.0,-0.8053751900601306,0.22836201805115208,0.07184259776932059,0.15239338920764972
3.0,0.10113758629088924,0.2663671448660322,0.7406998950181714,0.8028231120196955
3.0,1.1181772667789718,0.1071970690882317,0.009065822553772598,0.04977314343247701
3.0,0.2985667993672616,0.2390103857429703,0.3379780686113647,0.4527935847424982
3.0,-0.3386107257774746,0.2183817170382391,0.2611583174965318,0.3737188870478479
3.0,-1.4132142189503234,0.324191348668922,0.04880405801157566,0.12460610556146978
3.0,-1.8513824213670267,1.5929298604777784,0.36507323626070265,0.4769230458149148
3.0,-0.6052608712696078,0.6658773567064581,0.4593138774801587,0.5632462147201946
3.0,-0.926475734816225,0.11118406839296822,0.01409797444792633,0.062001563017058205
3.0,-0.02451042383805326,0.4307035326774828,0.9597925937992904,0.9693348622472242
3.0,0.28182682871975234,0.13066201558886376,0.16372776207617573,0.2660180273578097
3.0,0.019576302857932326,0.2836994609077712,0.9512650183005491,0.967374812719454
3.0,-0.1032207899144717,0.14188880929683276,0.5425690561616128,0.638316536660721
3.0,-0.8951783743776148,0.054616856071814955,0.003701838575807905,0.0341708176228422
3.0,0.40777258421767765,0.21987306237912632,0.20481614007294824,0.3139874324797527
3.0,-0.008693118800865091,0.07850644522196458,0.9219400799805357,0.9450712557571627
3.0,-0.8244711168946203,0.3322872247997397,0.13121210505947645,0.2267964827747458
3.0,-0.13794369391094086,0.2420821675301314,0.6262717849351334,0.7109031072236649
3.0,2.511238923484831,1.628490410769286,0.26300145253095686,0.3739286985601271
3.0,0.09638862222426468,0.04328852445806343,0.15586682041698569,0.2567218218632705
3.0,0.052251505440638286,0.07914913689762643,0.5770099039000061,0.668230331439727
3.0,5.133683185580117,0.347487753406228,0.004550390530572573,0.037528113659917
3.0,0.41642134827820104,0.1176603805283263,0.07139138912588229,0.15181966295124333
3.0,-1.732299639555739,0.26935814302668837,0.023334717631658203,0.07925781670363488
3.0,-1.9466720693469213,0.30596094022329623,0.023823593899038632,0.07980741799577659
3.0,0.09655430409852091,0.16429186174080423,0.6162503889362787,0.7042861587843184
3.0,0.25056708893169805,0.09859001048076438,0.12617365741195555,0.2221926042474689
3.0,-0.4511743093896799,0.313828080218449,0.2871068209098683,0.4012807480271038
3.0,-0.10334013556578237,0.1581309937036134,0.5805207944042657,0.6698316858510758
3.0,-1.1043931439793913,0.25808600538893794,0.05050934482806268,0.12563938398385582
3.0,-0.07388663648994052,0.26831041429105745,0.8088685350405661,0.8525088700553018
3.0,2.3454959959080512,0.12387863081769362,0.002777863154606418,0.03186665680224898
3.0,0.023869061548004177,0.0809827439575529,0.7959696250582535,0.845696694577812
3.0,0.8786697862335576,0.03769881573045116,0.001835721864949172,0.027829822800860757
3.0,-4.806030513977809,2.4990422382018846,0.19437566565143718,0.3034861694186008
3.0,-0.5294325684161748,0.07513360055724698,0.019550758241524163,0.07208754975332274
3.0,-0.30535616534350063,0.12307131411038721,0.13121796503396008,0.2267964827747458
3.0,2.204275988614594,0.06540217231624254,0.0008791831921214798,0.024394137980011842
3.0,0.060959712619388894,0.031239738954736064,0.190287759106833,0.2978373786777672
3.0,-0.722030041134134,0.17498419601404822,0.05401863424206131,0.12957357883536608
3.0,0.17696868107796235,0.14988421779372452,0.3591139139890491,0.47419276022034323
3.0,0.018024983080521,0.11372020197571747,0.8886188950988981,0.9192609259643775
3.0,-3.172356955511868,0.8613485153163015,0.06645669672534099,0.1456553702595528
3.0,-0.9218624511755493,0.05683183152453874,0.003779059883870168,0.03421546411552936
3.0,-0.9137564649412931,0.5098567103408661,0.21497502216938214,0.32536760112122703
3.0,0.5256689797816526,0.7993210127945265,0.578337441615097,0.668230331439727
3.0,-0.6022084595678273,0.49484928745209583,0.3477359630958722,0.46218071044388076
3.0,0.9137568432290492,0.06817897601165347,0.005521172442499262,0.040682323260520875
3.0,-0.13047368346115906,0.18737990888183648,0.5582764511126335,0.6531367951735545
3.0,0.5072629008423812,0.07302374244070461,0.02010072594837937,0.07262458629279286
3.0,-0.46073408677481065,0.2247240524032874,0.1768374486863554,0.28080048562672694
3.0,1.9460119119490515,0.11034205670150801,0.0031996529401703824,0.03186665680224898
3.0,0.053247844944325017,0.2160610589442446,0.8283221426731591,0.869738249806817
3.0,-0.16376056409885983,0.12590679750325023,0.32306394389645143,0.43629214288266754
3.0,-0.1504961880351602,0.09761827727463931,0.2630855486298037,0.3739286985601271
3.0,0.1175762321902863,0.16084749638607446,0.5408299473718851,0.6372662413457056
3.0,-0.6190153627069281,0.10375828916618304,0.02696466953938543,0.08612289890906373
3.0,-0.7924261930323994,0.16803768453716803,0.04214488048610747,0.11456860714669992
3.0,-0.01071890451549081,0.23003785400464602,0.9670693359440792,0.9705355342807962
3.0,-0.08255223443327774,0.019690936959446997,0.05245838686617586,0.12792307398241534
3.0,-1.1322012324047137,0.05282927966307713,0.0021701343589579877,0.028852080668930878
3.0,0.5325775973244397,0.18764985155934133,0.10496068537664198,0.19083760977571268
3.0,0.29200775481642777,0.13485323757625972,0.1627456880991634,0.26543474145883555
3.0,-0.3596917760333865,0.15529791139460997,0.14652055824075638,0.2469396471812517
3.0,-0.021039562910734055,0.13899911169327622,0.8935768105710793,0.9232527932099712
3.0,0.10729772278106847,0.22847396439165576,0.6848455210661699,0.7532094791297839
3.0,0.13704816432113878,0.25132461890619795,0.6402307327065715,0.7228411498300001
3.0,0.1462738487686729,0.19624004084914198,0.5337347276007143,0.6323514403167841
3.0,0.40079812394306863,0.13757661967158497,0.10039425683125495,0.18575148841025146
3.0,0.05347098182896919,0.06622710489674222,0.5042008152529633,0.6059065591022735
3.0,-0.14273097026677575,0.16350170605388115,0.4747343464674686,0.5771010868779647
3.0,-3.9210466758542744,1.4734715228155484,0.11695402486526507,0.20946989528107177
3.0,-0.07834114467284696,0.06204737670485824,0.33401024574963134,0.44962917697065763
3.0,-0.6553142696034541,0.27972922871399253,0.1438982285861479,0.24340569115254515
3.0,2.4589114486698507,0.20611985694915522,0.00695353425775477,0.04493052905010774
3.0,-1.23892991807708,0.05464094435426232,0.001939447570309529,0.027829822800860757
3.0,-0.003073357384275277,0.26500328627811376,0.9917996534766116,0.9929817746368937
3.0,0.6568299685607798,0.06434859713500919,0.00946180901958828,0.050512415706273114
3.0,0.9019668646053288,0.15491890722952936,0.02825601275746069,0.08856362207562306
3.0,1.9845723742848438,0.11950358715132355,0.0036063982765949013,0.033999243533426794
3.0,1.3945456226669208,0.03855275892388467,0.00076339259729038,0.024394137980011842
3.0,-0.40124748309231534,0.22488445340348062,0.21631586749374343,0.3262097869679667
3.0,0.10806494988335914,0.21560823917528454,0.665950071831998,0.738967054608822
3.0,0.11599694862583283,0.43989749898183184,0.8167015012407374,0.8596857907797235
3.0,1.1218068512109938,0.13665519232674503,0.01451704313721349,0.0626103290433801
3.0,0.02490301242149556,0.07603296975465203,0.7743739242785208,0.830745972406076
3.0,0.26701305518142654,0.02086781206972147,0.006052461489942939,0.04280087121069723
3.0,-0.4538472366213641,0.360388057708979,0.33497251312378307,0.4502030576383645
3.0,-0.18143469556903588,0.06022663685616754,0.0947824436277475,0.18094830147115432
3.0,0.25809839639800175,0.03233265446619898,0.015333210011950213,0.06467824820374571
3.0,-0.7415991840580941,0.5262389143720709,0.2941388171831375,0.40704548012164005
3.0,0.11864461162535045,0.14908628735679483,0.5095905742080675,0.6097664990523884
3.0,-1.3434657626074478,0.16360709208178636,0.014508377761807545,0.0626103290433801
3.0,0.3366361813687713,0.02879131558425579,0.007235489850127023,0.044993920576644426
3.0,-0.8581870298023452,0.19858434866407984,0.04959614996076243,0.12473283223664801
3.0,-0.28118346980089237,1.1589434571629798,0.8309116710973518,0.8713680445964737
3.0,2.2727534085085974,0.07592590902637003,0.0011141638928393726,0.02599715749958536
3.0,0.05971881102335938,0.10537318354532278,0.6280147668706582,0.7119195737805032
3.0,-1.6627866692961806,0.07348704790061832,0.0019475042129409835,0.027829822800860757
3.0,-1.371543822508686,0.7770087578561563,0.21958139903915597,0.3287849825185223
3.0,2.213309578878835,0.09130896802053111,0.0016976007451622772,0.027829822800860757
3.0,-0.6171301505756446,0.12389611114543579,0.03802142209391942,0.10753533521512564
3.0,-1.063775558831433,0.18906201924795024,0.03016507238205591,0.09150694416962595
3.0,-0.07850524523668177,0.2668906596469552,0.7963643873941063,0.845696694577812
3.0,0.7224603202167766,0.14380530001547182,0.03741139818217099,0.10616748132778255
3.0,-0.7108970313441164,0.46356816980311033,0.2648728445310354,0.3751993075987685
3.0,0.5297545213064861,0.12885295898482924,0.05438063546984647,0.1296526667097102
3.0,-0.502620793004367,0.07882416614554576,0.023722818446067474,0.07980741799577659
3.0,-0.6929795156952018,0.15979477120972657,0.04927515522887967,0.12473283223664801
3.0,-0.90396770185473,0.12124914046249886,0.017519450990514274,0.06844808759084646
3.0,-0.07124869576092123,0.5072730948893709,0.9011700194122101,0.928813271541419
3.0,-0.15344399134149464,0.04966013626652679,0.09071431538740542,0.17762243572359104
3.0,-0.10508448028186805,0.07875280734039673,0.31372656760232287,0.4285045801397581
3.0,4.214107831338914,0.2550415500006084,0.003642776092867156,0.033999243533426794
3.0,-0.7590433615550986,0.10874295335847323,0.019913327537162174,0.07256758796328878
3.0,-1.0128258580803804,0.26301180741106595,0.06129916219935798,0.13992200067244756
3.0,-0.010165463948686096,0.035931715701072425,0.803838591402094,0.8504085853624169
3.0,-0.23793263610448814,0.03378147503130446,0.01956833948718203,0.07208754975332274
3.0,0.039508042798829766,0.316940500440785,0.9121964243446357,0.938765427039708
3.0,-0.18587171867820187,0.02934244962595167,0.024026528083260036,0.08008842694420013
3.0,0.07315457412014124,0.12117985576713071,0.6074027900660037,0.6970195951577092
3.0,0.41230168502391873,0.14152051764158502,0.10038846740604904,0.18575148841025146
3.0,-0.5905421033177658,0.06739960733816674,0.012776943012592955,0.05929631011369106
3.0,0.24424922675532992,0.04182367261614965,0.028091314376168502,0.0884181638808704
3.0,0.07527282491723987,0.05258020382424812,0.2885910857186742,0.40201743284193425
3.0,0.26846744057571476,0.05920490806042152,0.045350412241506745,0.12055888003717408
3.0,-0.3473981377279865,0.11112880775938695,0.08889558997963369,0.17528707883308053
3.0,-0.3459292579094882,0.06303572819374395,0.0316373360747729,0.09340103661235453
3.0,-0.023845074184611084,0.014055731836420428,0.23188822444848056,0.3406724771602923
3.0,-0.895341534672165,0.061342040020112225,0.004661162106683676,0.037528113659917
3.0,0.05621549629448525,0.056913549626293594,0.4273996195078078,0.5350457233778816
3.0,-0.7194716603675174,0.44714105777505514,0.24888167983044496,0.35982893469461924
3.0,-0.5718922528746267,0.17006348693923715,0.07819716002529764,0.16098250689200597
3.0,0.31406722448875063,0.16799401985897133,0.20247990299182828,0.31297735806292626
3.0,-0.9603412409790021,0.444042905674232,0.1630527697532847,0.26543474145883555
3.0,0.9412868457859697,0.06590457482323017,0.00486640151080222,0.037849789528461714
3.0,-0.6852767500700946,0.16005045142480487,0.05045558449751232,0.12563938398385582
3.0,1.368078945184001,0.23205822106550067,0.02758704727186644,0.0877769685923023
3.0,-0.2808145539333773,0.09002836438716498,0.08923851332043262,0.17555117374511334
3.0,-0.23220021000600352,0.08239218537512313,0.10622046895864515,0.19271100199840588
3.0,0.5972901470246049,0.022365772887878246,0.0013992163369931717,0.027829822800860757
3.0,-0.4999713317717352,0.10700272288868486,0.04287907523602493,0.11544366409699021
3.0,-0.5755891157960197,0.22088816500882838,0.12109559423890764,0.21505348659763723
3.0,-0.21263499696138868,0.02194016492772059,0.010479521194513649,0.05335028971752403
3.0,0.227010793674827,0.4670837322674369,0.674991143774732,0.7460428431194407
3.0,-1.165386120035838,0.21031817527845317,0.03106025650873351,0.09243869740653533
3.0,2.057428604593179,1.2955935632587985,0.2532075088998646,0.36424217481829246
3.0,-0.22486566744869232,0.23524084805637382,0.44000351508989965,0.5483723333464624
3.0,-1.8182503693091394,0.18940642367890173,0.010677815302787316,0.05370877158288231
3.0,0.18602728068282007,0.04565318364908654,0.055279995545778754,0.13080336974212436
3.0,0.619167970829274,0.17620808919826442,0.07231519719707928,0.153009485253266
3.0,-0.03068813016353164,0.02816863907959044,0.3897310468098889,0.49904585262241874
3.0,-0.5775552477939607,0.10437739120790797,0.031143037340535116,0.09243869740653533
3.0,0.39837004020526057,0.4311724185860837,0.45306387621431443,0.5588453098678768
3.0,-0.09542588748410398,0.12027026549049553,0.5107070711609685,0.6102332002492369
3.0,0.008713813648112892,0.14798058719903137,0.958398175369072,0.9693348622472242
3.0,0.4475610194704864,0.19460477016034397,0.14816378830875102,0.2469396471812517
3.0,-0.3211209396849794,0.10595824423630158,0.09380728707497313,0.1807296356490308
3.0,-1.1071074619552392,0.09738193078670146,0.00764843089537005,0.04622073346842332
3.0,-0.8552282573398232,0.017675358795676974,0.0004268686334926288,0.024394137980011842
3.0,0.017357395963395014,0.033663686440505824,0.6574635564817822,0.7347566023311062
3.0,-0.5937933446873349,0.13687299475839876,0.04924155628597553,0.12473283223664801
3.0,-0.019514579050672963,0.058203351364662474,0.7693137953489855,0.8273156150576643
3.0,-0.18299168642625493,0.03374082469135583,0.03235660479452115,0.09503338471118099
3.0,-0.005097660487048096,0.025907136979723418,0.8621924531781169,0.8963386889475473
3.0,-0.8773383387877001,0.08861498367314082,0.010048368064698034,0.052753932339664675
3.0,-1.2007970721303594,0.05391495450704051,0.002009871971539921,0.027829822800860757
3.0,-4.13229983267211,2.8347736892587423,0.28226427304594076,0.39582969842836435
3.0,-1.9538385436456702,0.3647271188872741,0.0331247662582776,0.0958305154184445
3.0,-0.8677628936597678,0.24886025798965916,0.07331494730958654,0.1541724542355579
3.0,-3.5860622602459062,0.39220786503991406,0.011751375083613734,0.0559051255938866
3.0,-0.8767143098073144,0.4106212532125255,0.16629874793718155,0.26710136692080205
3.0,0.6854006374865783,0.09278221909459994,0.01783605891334166,0.0687260985651697
3.0,0.8276735921144267,0.1321281316502378,0.02454972080917314,0.08086966854786445
3.0,0.20743071970315982,0.05088330217880528,0.055235061565336946,0.13080336974212436
3.0,0.12181289815654191,0.03277287934391404,0.06536668958530513,0.14464367064632425
3.0,-0.532801969685825,0.017142154645308796,0.00103353569306937,0.02480485663366488
3.0,0.38850417818521005,0.11590768037681462,0.07865113901898532,0.16098250689200597
3.0,0.20371879097406362,0.0352598149822365,0.028674706127519642,0.08888100792293911
3.0,-0.399491383987481,0.049285657770350044,0.014881502682134935,0.06377786863772114
3.0,0.13230831071638255,0.06192200616857045,0.1661083196395125,0.26710136692080205
3.0,-1.60663179577573,0.4673734834499243,0.07520271396503656,0.1562636438669819
3.0,-0.5253658394980926,0.07286026175214393,0.018695795415081585,0.07074084751652492
3.0,-0.6976531321925804,0.029275882805953377,0.0017562875009927517,0.027829822800860757
3.0,-0.6132906045694452,0.13109309756509316,0.04278001167827273,0.11544366409699021
3.0,-0.5123030778027272,0.48428742911201905,0.4010191316771332,0.5111624743684247
3.0,0.0555678542973519,0.17629127363239805,0.7824545686970229,0.8362109894472001
3.0,-1.5735666861449833,0.15443039551215232,0.009494576722679757,0.050512415706273114
3.0,1.483443335878156,0.09716383707157511,0.004262688244756071,0.03684403586762492
3.0,-0.025161280516947822,0.018076770384127017,0.29853497454126865,0.4124295271846224
3.0,0.8568835583365878,0.3107543920938623,0.11020176878574424,0.1995032021121232
3.0,0.5407287736824162,0.12163444956104337,0.047057430296521915,0.12200074521320496
3.0,0.7869622733129682,0.1295813445442235,0.026057876307550562,0.08466683392660722
3.0,0.7768819440225618,0.24335039707662293,0.08569493630097924,0.17098277076679944
3.0,-0.5493713529929805,1.0485859305100442,0.6526077529859768,0.7318965454048337
3.0,2.061596478753459,0.044622515803269855,0.0004681615186778208,0.024394137980011842
3.0,-0.5745990308010172,0.27364092194923734,0.17057099533892472,0.27239474540816877
3.0,-0.17873538548219745,0.1648383770499124,0.39154142829365046,0.5000892126681652
3.0,-1.166255138266069,0.7737073492847395,0.2707197038656871,0.38219252310449947
3.0,0.0027975088850955335,0.05966938774285716,0.9668665716842622,0.9705355342807962
3.0,-1.02210765391328,0.14659231686523813,0.019956086689904416,0.07256758796328878
3.0,-1.430497806393842,0.13245727165119064,0.008465161768361736,0.048638899946578065
3.0,0.09676838918988062,0.2886420503555604,0.7693325452875414,0.8273156150576643
3.0,0.055260141281837455,0.018465197569664662,0.09586930988656367,0.18178379301289724
3.0,0.0941152154180643,0.2434210320124909,0.7362853067047117,0.7990693251058886
3.0,-0.6875234889121794,0.018589219255075715,0.000730249555784837,0.024394137980011842
3.0,0.41199083492555993,0.2098982776701447,0.1886595541875251,0.29621313180845066
3.0,1.0022500597834134,0.5897666638941562,0.23134424858364924,0.3406724771602923
3.0,0.02859828368195054,0.06093569157450681,0.6850321197939567,0.7532094791297839
3.0,0.13443912544863998,0.08077822772565767,0.23796113771258653,0.3464252264793287
3.0,1.662833170224691,0.15554257833316992,0.00863667185072806,0.048689962111487045
3.0,-0.28410815015561824,0.06558913737188023,0.04938174838195303,0.12473283223664801
3.0,0.10636252014863105,0.13678654048868302,0.5181940717241961,0.6170319391605917
3.0,0.14493710628638212,0.0579555922362595,0.1295416607525624,0.22528984478706504
3.0,-1.1413674843065744,0.11205350770945312,0.009501144859037086,0.050512415706273114
3.0,0.3651684921984124,0.16271781965223764,0.1539728498959284,0.25460077541846426
3.0,-0.6722451897880087,0.23417494600608,0.10294669598914631,0.18839918220235927
3.0,-1.42561910983489,0.0279876409603325,0.00038518962973346327,0.024394137980011842
3.0,3.651178277695321,1.002820217739977,0.06784873331947436,0.14651140356904488
3.0,0.9929987123511369,0.07869033458511275,0.006221252896330293,0.04280087121069723
3.0,-0.5745882708877798,0.3177067179371825,0.21224711514529337,0.32298474043848996
3.0,-0.02878842980113283,0.3177068848645877,0.9360579275690679,0.9530771626157781
3.0,0.7297514831167686,0.11049169723087458,0.022165625551171176,0.0772577820040821
3.0,-0.31453260628241325,0.0339850151822373,0.01147409500586817,0.0559051255938866
3.0,-0.14017088924623688,0.20527287317068482,0.5651849840986416,0.6602995641764381
3.0,-0.13790406208233844,0.0868474875275061,0.25323503582605095,0.36424217481829246
3.0,3.3653663072945257,0.08321422238496289,0.0006108468806819096,0.024394137980011842
3.0,-0.4273867634981133,0.13305826956596725,0.08478180095104451,0.16996828830281
3.0,-0.709541367195051,0.8634259664793593,0.4975818731903726,0.5988091310600473
3.0,-0.14502978829142707,0.16122569241587767,0.46329818328460315,0.5667867727619721
3.0,0.0023871474988269212,0.34982228675187566,0.9951748399168892,0.9951748399168892
3.0,-0.6439009056959509,0.10026605757068473,0.02339992683631125,0.07925781670363488
3.0,-0.22194751392774684,0.16503860325485573,0.3108953842102957,0.42641208483604065
3.0,-0.6288821928050653,0.2062808609943591,0.09285013331576966,0.18012496994283259
3.0,0.2325977628151652,0.13691090781042847,0.23143723511652375,0.3406724771602923
3.0,-0.5089685848735951,0.20734822692489221,0.13351903407008003,0.2294126885210372
3.0,-1.2733785417873034,0.0925844260517242,0.005244856518970536,0.03969080608950676
3.0,-0.32594943686330463,0.02684988765214043,0.006717247510727996,0.04442903865363399
3.0,2.725700714044258,2.6639728415395996,0.4138338620558285,0.5211734153069127
3.0,1.8294275785136582,0.1424938187431782,0.0060121697487907095,0.04280087121069723
3.0,-0.084013710057484,0.025400000506505673,0.08051907325451181,0.16376760661934606
3.0,0.06321793691540059,0.05684325672750405,0.38184271663634584,0.4918499003016123
3.0,0.14133333318928462,0.12473057771997322,0.37472029437837784,0.4864993002748646
3.0,-3.4452731129972203,0.1391101816595885,0.0016263351810305582,0.027829822800860757
3.0,1.4175755675321644,0.38697406339235674,0.0671055098695797,0.1456553702595528
3.0,0.826131888400842,0.20985338517797192,0.05888408700738554,0.13551406324987356
3.0,0.16490486979512778,0.11863207080880019,0.2990114072088512,0.4124295271846224
3.0,0.6712494493772043,0.05288409970957947,0.006149809569570863,0.04280087121069723
3.0,-0.056672987105829874,0.06689562075681013,0.48610330439368254,0.5883671119462439
3.0,0.1262114704988731,0.22698269488389766,0.634087594203588,0.7168688817375692
3.0,-0.12905069688206647,2.5077117571579293,0.9636352676051971,0.9705355342807962
3.0,-0.4763319358378814,0.3604514042214456,0.3172526130464608,0.43191603721074084
3.0,0.6011485438832976,0.05701849368496333,0.008876771625031334,0.049055843190962636
3.0,-1.3638354493449663,0.41444467659077255,0.08124870049062285,0.16405987599068075
3.0,-1.194119594302771,0.0368696457418085,0.0009519667605330289,0.024394137980011842
3.0,-1.945439699747497,3.8543643475061944,0.6638640858010411,0.7386037510899
3.0,1.1072970459441434,0.987275684998737,0.37862209666179214,0.4896015079676293
3.0,9.323494787286158,3.2424683057288566,0.10265831823581352,0.18828163169887197
3.0,-1.0060943883336584,0.058110008306663775,0.0033193866102214516,0.03242191572774441
3.0,-0.5094304946027545,0.3782646929795171,0.31037527741389326,0.42641208483604065
3.0,0.1382104361543763,0.1891214233117091,0.5409176548565335,0.6372662413457056
3.0,0.0636010210317977,0.05301693488021968,0.3531175003692104,0.4685919436179095
3.0,0.1904878438552761,0.21265007644401537,0.46490010289642714,0.5667867727619721
3.0,-0.5242553972638176,0.06390257069207933,0.014534540670784668,0.0626103290433801
3.0,0.026481999745239865,0.5433260040866599,0.9655556884159735,0.9705355342807962
3.0,0.04579283791482911,0.1420010182567264,0.7776773272216967,0.8325239617416329
3.0,0.28181161073403066,0.06233957030892911,0.04561198798163516,0.12055888003717408
3.0,-1.0684944019719957,0.08949995194787068,0.0069431988240408445,0.04493052905010774
3.0,-0.06203920651900666,0.121567293102762,0.6605674413052911,0.7359106773162394
3.0,0.5312609217914787,0.8857653949457948,0.6095567867807989,0.6985371089984599
3.0,-0.08753854954276509,0.1167769738701726,0.5316632087656616,0.6316790599195979
3.0,0.9792140604264965,0.05564200047136929,0.00321331255498351,0.03186665680224898
3.0,-0.7735385978749386,0.1986322775925454,0.060059029217449586,0.13746480801814073
3.0,-0.9143271240935525,0.18568458099028928,0.038854972697171,0.10854600628452586
3.0,1.814260333893566,0.08086980676552309,0.001980986924173282,0.027829822800860757
3.0,-0.32027653199798284,0.08464238645502853,0.06328552995182654,0.14251969211671395
3.0,0.2149512410964198,0.019549728088573002,0.008170588688606033,0.04823066050978015
3.0,3.49872164927622,0.1495149826593503,0.0018212223137495593,0.027829822800860757
3.0,1.2303323548050948,0.015754955145817005,0.00016393913717156747,0.024394137980011842
3.0,-0.7787753052303685,0.16431371660224273,0.04174876713791799,0.11386027401250359
3.0,-0.29647662753199644,0.037411320454044696,0.015552515506357247,0.06467824820374571
3.0,0.04229540065363468,0.05753507109702928,0.538779250200411,0.6365324474941564
3.0,-0.08603803760599964,0.1499830501767996,0.6241137365424281,0.7103733586661782
3.0,0.6758764076132673,0.19823451800283476,0.0763084268662423,0.1574915935322937
3.0,4.095475172249624,0.1309264956649273,0.0010204256081783921,0.02480485663366488
3.0,-0.984435780985477,0.3891821324232194,0.12715499525765342,0.22304907885691522
3.0,0.12921671760633735,0.0483429602805968,0.11609449575438759,0.2083747359694136
3.0,-0.14126468056130573,0.3469932446379119,0.723363490123589,0.7891238074075516
3.0,-0.9174238842596559,0.1216200723002039,0.017123888999512154,0.0676308008202502
3.0,-0.45227214336848703,0.08452526295527117,0.03319842855567542,0.0958305154184445
3.0,0.18652298244546098,0.05120391265596036,0.06778706830364908,0.14651140356904488
3.0,0.10025321951705261,0.1480533195055899,0.5681398682157116,0.6628298462516636
3.0,-0.059496643302915785,0.21316320529259974,0.8063723075390389,0.85094565117185
3.0,-1.7296468721657725,0.5914508698699097,0.09974117306925714,0.1856621356880781
3.0,0.016242982753839112,0.030235005571481812,0.6448843360540967,0.7251711409443657
3.0,0.3162485641258928,0.08254338155153262,0.06187005346093116,0.14046174299238426
3.0,-0.2016154858854656,0.16953555459731798,0.3564008887573952,0.4714594433956094
3.0,-0.18322661420918165,0.0200256205037514,0.011735380013163259,0.0559051255938866
3.0,-0.6281273436054445,0.19869134971581187,0.08717506535127215,0.1727053181487467
3.0,0.16059618531507067,0.09056933112625458,0.21819982415457018,0.32788524559899634
3.0,-0.7609451684705433,0.26007673998572983,0.09965748551431397,0.1856621356880781
3.0,0.12347288296398994,0.056566037808159685,0.1607469407364927,0.263211364948643
3.0,-1.0699226410950295,0.08510213832850995,0.006267270427280666,0.04280087121069723
3.0,-1.5991471583577983,0.16009646140800057,0.009874533885306557,0.052167348828034636
3.0,2.3190528427485995,0.07184276456312018,0.0009583411349290367,0.024394137980011842
3.0,-4.576805211336038,1.5434688081100758,0.09739712319314334,0.18343852798708613
3.0,2.110159875135351,0.7106321007890998,0.09716398249897447,0.18341066359356978
3.0,0.8232905305545665,0.35161154607640305,0.14401503393192255,0.24340569115254515
3.0,-0.07506858953645236,0.020698083070290002,0.06832343138057588,0.14715815989662498
3.0,0.22378650372376466,0.337162030712903,0.5751341703732882,0.668230331439727
3.0,0.07172542252035762,0.2550664755951427,0.8049775308102542,0.8505422967051743
3.0,0.5228808121770532,0.037322208007365555,0.0050562165649292575,0.03896533866550987
3.0,0.717889313151284,0.3914278132898503,0.20809089524943736,0.3178115491082316
3.0,-0.40528833947363974,0.4812371206473642,0.48834283959076774,0.5902273169154603
3.0,-0.7485182799510229,0.8351867373629982,0.46470919681809086,0.5667867727619721
3.0,-0.16720323049003052,0.04399131130040878,0.06277439978603366,0.14213071649668
3.0,-0.38581170350983224,0.08551940739074641,0.04578553897316086,0.12055888003717408
3.0,-0.1755111489441712,0.09479655183460632,0.20531054219398692,0.3141363487121111
3.0,-0.4590763772244196,1.0571292900914115,0.7064548907251709,0.7747024911346521
3.0,0.5174159828685453,0.12389134595419218,0.05283040898201425,0.12792307398241534
3.0,0.17073395770057812,0.0701333512874672,0.13531595338849436,0.23102723749255136
3.0,-0.37258773778657756,0.3059242291509753,0.34744193022076886,0.46218071044388076
3.0,0.28018541968274985,0.036862028794297265,0.016872008241951522,0.06748803296780609
3.0,0.3327319146079315,0.12594571537823562,0.11837106620359585,0.2114241171380916
3.0,-0.37917608229520366,0.06775407269474423,0.03047712715204071,0.09175909250076773
3.0,0.6087789272868852,0.03171165007347982,0.0027024346439622348,0.031528404179559405
3.0,0.8658071239028272,0.12074762482698881,0.018900136545134647,0.07087551204425492
3.0,-0.24442634492797885,0.06091924934126225,0.056870130670593495,0.1334382954282082
3.0,-0.9040796396739991,0.16259772548984658,0.030856343764939773,0.09223960413718651
3.0,-0.035561448174309375,0.10649184271761533,0.770191441637016,0.8273156150576643
3.0,0.4663820834326406,0.15650618800222427,0.09657366721699968,0.1827069379781075
3.0,-0.1505798337185065,0.3208811889548889,0.6850619548275654,0.7532094791297839
3.0,-0.15801197934329828,0.10656439063755249,0.2763590327170805,0.3888468802049374
3.0,1.8096502720207377,0.07453770788329837,0.0016922295863341286,0.027829822800860757
3.0,0.21132339824704452,0.01726899519217803,0.006611730114467162,0.04442903865363399
3.0,1.829406838909718,0.12764812621947177,0.004833377537733585,0.037849789528461714
3.0,0.6572070143605031,0.3841921056688368,0.2292798852670529,0.34037505270747453
3.0,-0.8365518622436477,0.5762654760825002,0.2837107706333642,0.39719507888670985
3.0,-1.7196940913147383,0.38998381172294216,0.0477718661983287,0.1230931521674727
3.0,-1.849185612679517,0.2599665150639473,0.019196687838172976,0.07137895603168608
3.0,-2.3539995458224374,0.48585849203546977,0.040057509541630065,0.10996179089859234
3.0,0.1476830028314742,0.047943881057487994,0.09120304431253778,0.17813664871096435
3.0,-0.09660903485242382,0.13797629116042304,0.55629847524592,0.6517304312504502
3.0,-0.3278969803500491,0.07280248784581729,0.04592719239511393,0.12055888003717408
3.0,-1.467895323900784,0.10089290284584795,0.004691014207489625,0.037528113659917
3.0,0.483671187619713,0.05661515081635734,0.013426086047806318,0.060633936990093056
3.0,-0.1253844446185683,0.0814703299662663,0.2636675266222304,0.3741228418288404
3.0,2.6086191466046076,0.3328974592765925,0.015898119472923643,0.06510962247262847
3.0,-0.30359132989977516,0.061779103254471175,0.039003303633573676,0.10854600628452586
3.0,-1.0081572874897071,0.11879938693337809,0.013603139431600198,0.06082445054937926
3.0,1.0304205865792258,0.25357031338492897,0.055558792245275254,0.13109377945514386
3.0,0.05458056056306088,0.17424502419153604,0.7837468216136284,0.8365277384440253
3.0,-0.5372296597513103,0.0667598408082021,0.015093520782214358,0.06435815968050793
3.0,-1.158827212830203,0.06749305327530035,0.003375031301310984,0.032586509116106055
3.0,1.337459798114714,0.15245536781723246,0.01274555297150304,0.05929631011369106
3.0,-0.22220988192077226,0.33117282681099525,0.5713460634145526,0.6656458991237506
3.0,-0.2923330723307791,0.06944826066775255,0.052068721788994465,0.12792307398241534
3.0,0.18016227586943534,0.8838376792707978,0.857337044131548,0.8928089621092341
3.0,0.14392108411895468,0.07984317601479621,0.21324221159978465,0.3239122201515717
3.0,0.8504047859421918,0.12100674094624837,0.019652439158941555,0.07208754975332274
3.0,-0.31272633719662546,0.32139645038297876,0.4331738253985252,0.5414672817481565
3.0,-0.7474976649403615,0.017359507902742793,0.0005388947717374578,0.024394137980011842
3.0,0.04960099794585687,0.02659103374701297,0.20313128491986657,0.31297735806292626
3.0,0.13881573483529763,0.10593148850857582,0.3203204745460516,0.4339825784172312
3.0,-0.16530073420392047,0.17424090964705885,0.4429109793303706,0.5503627553809338
3.0,1.5053027774056815,0.02559552367581983,0.0002889961234494469,0.024394137980011842
3.0,-1.2845464979942516,2.42535415503717,0.6492815489133258,0.7291397073358205
3.0,-0.9231508405434329,0.02815532135301948,0.0009289026121973702,0.024394137980011842
3.0,1.5523466491819198,1.156840487692378,0.3116869286777726,0.42641208483604065
3.0,-0.5038583265145697,0.03445273021739856,0.004642987899098045,0.037528113659917
3.0,-2.718862634414163,0.41016728667200725,0.022010107690787074,0.07703537691775476
3.0,0.26441987209495205,0.28886586046012364,0.4566260624397761,0.5615898864559472
3.0,-0.4782695245248368,0.013888876457728384,0.0008422477663116289,0.024394137980011842
3.0,3.5624658968313376,0.3645055016114281,0.010307453071079867,0.05329521900400255
3.0,0.978086935292759,0.04022758833537158,0.0016873019812320032,0.027829822800860757
3.0,-2.6898142304558434,3.2407513211143018,0.4938378781802517,0.5960112322865107
3.0,-3.585624537522669,2.2455281672114182,0.25139290970047895,0.36283512740275314
3.0,0.31135748275483915,0.49483051664087213,0.5934941286679641,0.6819905172107933
3.0,-1.0788348251516753,0.1001733452262859,0.008511807490651162,0.048638899946578065
3.0,-0.4220538880025558,0.17196555040826123,0.13355095796046093,0.2294126885210372
3.0,-0.11579259754460332,0.09885416623592948,0.3621207567394057,0.47528349322047
3.0,0.1302032822329838,0.09177341825320318,0.29176252456303053,0.4044233013744977
3.0,0.14068183938457143,0.323871571799923,0.7063879480551429,0.7747024911346521
3.0,0.24345200708654668,0.0764351250481372,0.08604179465286357,0.17126802727110285
3.0,-0.4610402811918279,0.07692301504928106,0.026726811689215382,0.08568901457611039
3.0,-0.49704787354331925,0.009896167205433116,0.00039616806901753666,0.024394137980011842
3.0,-0.9685022242357268,0.3839273422372445,0.12772215110735263,0.22304907885691522
3.0,-1.042717728188254,0.05070731762862672,0.002356516650924107,0.029811276545505992
3.0,-1.2488074831895248,0.05345617228229903,0.0018273135396840215,0.027829822800860757
3.0,0.233366236445285,0.09673560143451065,0.1373083236571245,0.23347974063154775
3.0,0.3485552405716208,0.18705534590452796,0.20343528274090206,0.31297735806292626
3.0,0.26660652012934843,0.08581850442840598,0.08986631971369137,0.17637315083995503
3.0,0.6326134077694583,0.1305174077023554,0.0400274332479777,0.10996179089859234
3.0,2.294153258953214,0.05738185431900017,0.0006250244220283274,0.024394137980011842
3.0,3.363979896826219,0.09525377357684639,0.0008008213879395092,0.024394137980011842
3.0,-0.6569702397855242,0.07972755044710592,0.014409820237694135,0.0626103290433801
3.0,-1.1656086217299264,0.45465671143879344,0.12438650138303678,0.22043177460285
3.0,-1.68092815372842,0.4857489459423358,0.07431807323705127,0.15529149631622652
3.0,-1.2381446347723373,0.06091808999225928,0.002411994469657482,0.029811276545505992
3.0,-1.2895544116901607,0.11674411229942032,0.008096386873251475,0.04823066050978015
3.0,-0.860315182445336,0.1926497477971861,0.04666247732467199,0.12136189727487126
3.0,0.8287138902794817,0.1260533403443053,0.022363402881381018,0.07732502417047066
3.0,-0.21215313842586922,0.005765329536638166,0.0007376809820757717,0.024394137980011842
3.0,-0.7651823570356338,0.03621585190032121,0.002232601480333937,0.028852080668930878
3.0,0.7515172130853097,1.3025380310144492,0.6222524522294461,0.7097825058864705
3.0,0.305778413819257,0.2504530161123011,0.3465226854364942,0.46218071044388076
3.0,0.22946663024388647,0.021107987192656878,0.00835573394974479,0.048405631157142234
3.0,1.0473140539975143,0.31258825110919053,0.078708606754204,0.16098250689200597
3.0,0.48015722448837445,0.16633829639342365,0.10198075740278442,0.1877513290247898
3.0,-0.19238494094798986,0.29046730696017853,0.5758725063684415,0.668230331439727
3.0,0.4709689818452387,0.10968608078163262,0.05019132793876866,0.12563938398385582
3.0,1.1291971535841594,0.010501283325373584,8.647466064214867e-05,0.024394137980011842
3.0,3.5294817495892765,0.08505135692504968,0.0005801797028541872,0.024394137980011842
3.0,0.8591196021936379,0.09962923066451486,0.013182923171716978,0.06018291013175142
3.0,0.2029277087366118,0.05806117136092971,0.07301107623473507,0.15409372873662677
3.0,-0.08888495449579871,0.07537759201240925,0.35959617650042697,0.47419276022034323
3.0,-0.35515013673122264,0.1776944327220899,0.18368636626199736,0.2905773025613518
3.0,0.09394103550852072,0.08278220160062391,0.37415330590471263,0.4864993002748646
3.0,-1.0291424933530542,0.08308076671342998,0.006454010333982266,0.04372071516568632
3.0,0.9344906827179827,0.19982462772890938,0.04280964535780709,0.11544366409699021
3.0,-0.6107657726200121,0.034028825540231435,0.003089783774831809,0.03186665680224898
3.0,-0.2862093555025327,0.03682663961311422,0.016155914608570975,0.06524503976538278
3.0,-0.8972760275709925,0.1594993628198539,0.030175504208317126,0.09150694416962595
3.0,1.6255046793997752,0.3630688669900768,0.046440861729418935,0.12136189727487126
3.0,0.6195850679869226,3.454595481679366,0.8741874198072981,0.9071806377723294
3.0,0.6179763302740987,0.07199381603728187,0.013301891903598808,0.06039777945417837
3.0,1.9998148325031095,0.12035886252210941,0.0036026718266442257,0.033999243533426794
3.0,0.16895348881178038,0.09481142643495964,0.21669650134300644,0.3262097869679667
3.0,1.4491605348617407,0.15797853797443076,0.01167628059289405,0.0559051255938866
3.0,-1.5220873007956406,0.02821774894208378,0.0003435118967239587,0.024394137980011842
3.0,0.36256476979261215,0.08514302102565019,0.05096822303449561,0.1260852664444531
3.0,-0.6705789992772443,0.3908095953420032,0.22832207940164428,0.34005416081095957
3.0,-0.09803075324830769,0.05161139115541047,0.1979094846475977,0.30672318653871233
3.0,-1.1999634332934201,0.15253101685942083,0.015776376308173575,0.06496154950424413
3.0,-2.147190505751668,0.22063304512469678,0.010394113154079435,0.05329521900400255
3.0,-1.001342912892651,0.20418527324161176,0.039154095124061115,0.10854600628452586
3.0,-1.4968870297400272,0.6964737217330145,0.1646260936290516,0.2668419840106625
3.0,-1.7398847796445505,0.15915182695905059,0.008263668297981157,0.04823066050978015
3.0,1.0403307047740462,0.5783222284704225,0.213853660397926,0.32425464753476146
3.0,-0.2707814465339243,0.06911414462560407,0.05940169013149688,0.13633174784277974
3.0,0.3067609310593408,0.047228013931093306,0.022892013950603588,0.07816785251425615
3.0,-0.16207147033421362,0.03858916849741242,0.05228507561431115,0.12792307398241534
3.0,-0.5430970622328548,0.14413987954842325,0.06377467728139624,0.1425783990850229
3.0,0.7462735219991904,0.6657961071707565,0.37885830973685597,0.4896015079676293
3.0,-0.010274891272465688,0.21616197029150355,0.9664078521956703,0.9705355342807962
3.0,0.31677393002923665,0.18124774467523844,0.22261950835274102,0.33214988812842355
3.0,-0.37632414627366234,0.34452010184129045,0.38872327518362393,0.4985153452736551
3.0,0.11880964455918556,0.010187610594207057,0.007272495633012657,0.044993920576644426
3.0,0.18016796865573223,0.05468497377895638,0.0810792834115886,0.16405987599068075
3.0,-0.07157078922697177,0.05491350100356045,0.32230717646339535,0.43597105995048646
3.0,-0.024334110249701738,0.07237288007587007,0.7686952789443765,0.8273156150576643
3.0,-0.3712097981892279,0.06507714056515597,0.029385943200187028,0.09041828676980625
3.0,-0.24435846611858078,0.13806868850004342,0.21877549246633643,0.32816323869950464
3.0,-0.1339245925992061,0.1668100339354347,0.5063037033151223,0.6066977329311024
3.0,-1.284212142023151,0.13490767332232673,0.010856313294994025,0.0539603737739348
3.0,0.2795143184634395,0.17273286443872216,0.24703112244667222,0.35776921181931837
3.0,0.20739135469718986,0.0857501845275768,0.13674836271491245,0.23299923870289344
3.0,0.4884448882997418,0.24815442358476494,0.1878850318815956,0.29554948835307177
3.0,-0.653980120132278,0.11648619109326327,0.030292130018373914,0.09153017703393557
3.0,0.8923903839811658,0.09772175788897847,0.011780008607283248,0.0559051255938866
3.0,-0.7785281196137254,0.2324610784915238,0.07876644087216006,0.16098250689200597
3.0,-0.21919823380475392,0.5070290618888937,0.7076589691812281,0.7750111266130789
3.0,-0.14117377582249394,0.022199865474438425,0.023847216567785625,0.07980741799577659
3.0,-0.5706312443142352,0.6108751886077641,0.4488537419531885,0.5561019811809415
3.0,-0.29615300152657315,0.08499705336379801,0.0734154543978847,0.1541724542355579
3.0,0.6448804098798432,0.2791408635987353,0.1471133924484132,0.2469396471812517
3.0,-0.2818353502873348,0.0940974837433371,0.09573279875855954,0.18178379301289724
3.0,-3.0871953334978035,0.05281504652281745,0.00029254757665013833,0.024394137980011842
3.0,-0.654963555805864,0.09116785302765226,0.018829816218775122,0.07087551204425492
3.0,-0.43471066534806263,0.3704888822162841,0.3614768451764905,0.4751808293399875
3.0,-0.9289054734402153,0.7395676297736523,0.33595140418267155,0.4507974113633293
3.0,-1.0197322396019035,0.45760634689885454,0.1556763240574424,0.2567218218632705
3.0,-0.8454752209769182,0.09036578533460414,0.011231589832470492,0.05517272198406558
3.0,0.3339625441389073,0.17395493560800107,0.19486560929160182,0.3036866638310678
3.0,-0.08839633080528536,0.030255852437228937,0.09990391110834679,0.1856621356880781
3.0,1.4118838344163491,0.8266119968253456,0.22975316057754533,0.34037505270747453
3.0,6.122321547304268,0.23393869536061335,0.0014568739600486083,0.027829822800860757
3.0,0.41835456275375876,0.11418795919434072,0.0670888397966472,0.1456553702595528
3.0,-0.4902258907571893,0.43901843290818426,0.3803022422145125,0.4907125705993709
3.0,-0.5487204645828028,0.16539113713995637,0.08008733945583722,0.16328486685170696
3.0,1.4177462383318842,0.09884987560804905,0.0048261675841983305,0.037849789528461714
3.0,-0.22711605558354542,0.2879984240635311,0.5129761052628534,0.6120737619613592
3.0,0.3196832714706305,0.206708478328893,0.2620264696868751,0.3739286985601271
3.0,1.246508864367237,0.07011305642137863,0.003148850109436979,0.03186665680224898
3.0,-0.482365050900664,0.464388805557431,0.408036301089587,0.5158001625107859
