ProteinName,Run,H,L,log2HL
A0A0U1RRL7,20141108_H3heavyN3light_2,123229310.0,191681500.0,-0.6373656622734563
A0A8I5KQE6,20141108_H1heavyN1light_2,99104130.0,128586664.0,-0.37572393971629753
A0A8I5KQE6,20141108_H2heavyN2light_2,42878536.0,69269096.0,-0.6919561972259347
A0A8I5KQE6,20141108_H3heavyN3light_2,27731226.0,41515470.0,-0.5821376317769422
O00401,20141108_H1heavyN1light_2,66350908.0,89006160.0,-0.4237889778250256
O00401,20141108_H2heavyN2light_2,37117870.0,53906012.0,-0.5383322579138005
O00401,20141108_H2heavyN2light_3,32347294.0,50130256.0,-0.6320365723583589
O00401,20141108_H3heavyN3light_2,36651880.0,42583696.0,-0.2164139711736099
O00401,20141108_H3heavyN3light_3,83729230.0,107958820.0,-0.36667785038467127
O00410,20141108_H1heavyN1light_1,413487680.0,580450200.0,-0.489327951226877
O00410,20141108_H1heavyN1light_2,388500100.0,539819100.0,-0.4745610534830864
O00410,20141108_H2heavyN2light_1,687938590.0,962349330.0,-0.48428089709418737
O00410,20141108_H2heavyN2light_2,143010780.0,189054980.0,-0.40268195272467244
O00410,20141108_H3heavyN3light_1,437651460.0,525299930.0,-0.2633590089528826
O00410,20141108_H3heavyN3light_2,541958006.0,644882036.0,-0.250854214357886
O00560,20141108_H1heavyN1light_2,66039620.0,97433336.0,-0.561083643963053
O00560,20141108_H2heavyN2light_2,65932356.0,122481740.0,-0.8935081432376277
O00560,20141108_H2heavyN2light_3,59613370.0,115971930.0,-0.9600678181439019
O00560,20141108_H3heavyN3light_2,55401984.0,74110510.0,-0.4197405116480296
O00560,20141108_H3heavyN3light_3,131300140.0,189978750.0,-0.5329696009631609
O00571,20141108_H1heavyN1light_2,55224790.0,110096856.0,-0.9953853382652552
O00571,20141108_H1heavyN1light_3,91994376.0,169271520.0,-0.8797216886302436
O00571,20141108_H2heavyN2light_3,77198856.0,147521180.0,-0.9342707271787067
O00629,20141108_H2heavyN2light_2,145458980.0,106975980.0,0.4433254693998486
O00629,20141108_H3heavyN3light_2,192235790.0,206967000.0,-0.10652379589481621
O00764,20141108_H1heavyN1light_1,167140940.0,199654430.0,-0.25643992862336457
O00764,20141108_H1heavyN1light_2,413788930.0,532887780.0,-0.3649367004630352
O00764,20141108_H1heavyN1light_3,667746200.0,746101000.0,-0.16007108110646456
O00764,20141108_H1heavyN1light_4,69765710.0,116528904.0,-0.7400978194961787
O00764,20141108_H2heavyN2light_1,263381470.0,283470900.0,-0.10604679194032104
O00764,20141108_H2heavyN2light_2,481801950.0,548283260.0,-0.18648119381087094
O00764,20141108_H2heavyN2light_3,478387000.0,544437100.0,-0.1865871955461933
O00764,20141108_H3heavyN3light_2,381386100.0,381298980.0,0.0003295923725397978
O00764,20141108_H3heavyN3light_3,833782600.0,825350900.0,0.014663650031097845
O14980,20141108_H1heavyN1light_2,87202880.0,102820500.0,-0.2376802448465855
O14980,20141108_H1heavyN1light_3,301404960.0,417167800.0,-0.46892464611082524
O14980,20141108_H1heavyN1light_4,112131576.0,155096380.0,-0.46797241875625095
O14980,20141108_H2heavyN2light_2,27552524.0,36225460.0,-0.39481952400099307
O14980,20141108_H2heavyN2light_3,329407580.0,464767550.0,-0.49663559019795284
O14980,20141108_H3heavyN3light_3,346509280.0,393830400.0,-0.18468048775799475
O15231,20141108_H1heavyN1light_1,25084056.0,32448048.0,-0.3713610461093362
O15355,20141108_H3heavyN3light_2,7643057.0,13972260.0,-0.8703436994326378
O15554,20141108_H1heavyN1light_1,15239822.0,13045718.0,0.22426970409855546
O15554,20141108_H1heavyN1light_2,22656080.0,19915268.0,0.18602337058952997
O15554,20141108_H2heavyN2light_1,19436668.0,15110060.0,0.3632715317465944
O43237,20141108_H1heavyN1light_4,23073050.0,23295478.0,-0.0138412085864901
O43237,20141108_H2heavyN2light_4,11833301.0,15557324.0,-0.3947413432302281
O43237,20141108_H3heavyN3light_4,28208068.0,23873544.0,0.24069510889085852
O43290,20141108_H2heavyN2light_4,20159852.0,25757614.0,-0.35351391117011305
O43390,20141108_H3heavyN3light_1,151357250.0,172984980.0,-0.19268899467732753
O43390,20141108_H3heavyN3light_2,268746300.0,373674720.0,-0.47553807286042565
O43747,20141108_H1heavyN1light_2,84224260.0,116954300.0,-0.47363715260942574
O43747,20141108_H2heavyN2light_2,39942664.0,53088828.0,-0.4104777351733484
O43747,20141108_H3heavyN3light_3,111766344.0,133791800.0,-0.2595038795902323
O43776,20141108_H3heavyN3light_2,142394700.0,183003040.0,-0.3619721648993975
O43809,20141108_H1heavyN1light_1,3032468.2,3978322.5,-0.3916677154086837
O60506,20141108_H1heavyN1light_2,52805760.0,65182188.0,-0.30378247457328533
O60506,20141108_H2heavyN2light_1,198777380.0,275351680.0,-0.47012181698505373
O60506,20141108_H3heavyN3light_1,144927250.0,171780240.0,-0.24523520813960867
O60506,20141108_H3heavyN3light_2,524262530.0,452111520.0,0.21361075886264777
O60664,20141108_H1heavyN1light_2,196696140.0,201383360.0,-0.03397583438734241
O75340,20141108_H1heavyN1light_2,342948070.0,409968350.0,-0.2575223997384299
O75340,20141108_H2heavyN2light_1,177440260.0,229772830.0,-0.3728748288126057
O75340,20141108_H2heavyN2light_2,144424270.0,165850750.0,-0.19957233368774552
O75340,20141108_H2heavyN2light_3,49482456.0,53819250.0,-0.12120517793157193
O75340,20141108_H3heavyN3light_1,77916660.0,94756270.0,-0.28228957350493955
O75340,20141108_H3heavyN3light_2,490865980.0,538301780.0,-0.13308601329665135
O75340,20141108_H3heavyN3light_3,69441740.0,93161190.0,-0.4239259702073151
O75367,20141108_H1heavyN1light_1,214057800.0,253021950.0,-0.2412621396097265
O75367,20141108_H3heavyN3light_1,44614190.0,67872090.0,-0.6053157919643116
O75369,20141108_H1heavyN1light_1,166281420.0,222095620.0,-0.41755396806968603
O75369,20141108_H1heavyN1light_2,23393506.0,20824176.0,0.16784868538745104
O75369,20141108_H2heavyN2light_1,108895380.0,127460080.0,-0.22710272385457683
O75369,20141108_H3heavyN3light_1,160362180.0,173084980.0,-0.11014660062300195
O75643,20141108_H1heavyN1light_1,29689984.0,51111400.0,-0.7836687931017958
O75937,20141108_H1heavyN1light_1,16735070.0,21197002.0,-0.3409856459169048
O95071,20141108_H2heavyN2light_1,4928008.0,22159968.0,-2.1688792948905036
P00558,20141108_H2heavyN2light_5,7954216.5,7011077.0,0.18208375083699807
P04075,20141108_H1heavyN1light_1,9989497000.0,7387985400.0,0.43523102069221314
P04075,20141108_H1heavyN1light_2,1615023400.0,1277667276.0,0.3380428827586425
P04075,20141108_H2heavyN2light_1,9557911000.0,7894525400.0,0.27584279644939425
P04075,20141108_H2heavyN2light_2,181076000.0,255967044.0,-0.4993627311566155
P04075,20141108_H3heavyN3light_1,5861505400.0,3946334010.0,0.5707581689173954
P04075,20141108_H3heavyN3light_2,2672936000.0,2484955600.0,0.10520521989345005
P04083,20141108_H1heavyN1light_1,74139896.0,116513616.0,-0.652176564258096
P04083,20141108_H1heavyN1light_2,70860120.0,83718480.0,-0.24057220950533784
P04350,20141108_H1heavyN1light_5,27082117000.0,30527312000.0,-0.17276004421393765
P04632,20141108_H1heavyN1light_2,771972350.0,970702850.0,-0.3304805528216656
P04632,20141108_H2heavyN2light_2,644145300.0,854582000.0,-0.4078327758624376
P04632,20141108_H3heavyN3light_2,444701540.0,534907000.0,-0.26645068272684747
P04632,20141108_H3heavyN3light_3,1186295400.0,1453039400.0,-0.29261052218803996
P04792,20141108_H1heavyN1light_2,1477107470.0,1814196640.0,-0.29655604126762175
P04792,20141108_H1heavyN1light_5,58270736.0,44705116.0,0.38233159189296256
P04792,20141108_H2heavyN2light_2,14163147.0,13207688.0,0.10076391710538929
P04792,20141108_H2heavyN2light_3,2599851800.0,3298492700.0,-0.34337752475024597
P04792,20141108_H3heavyN3light_2,329171840.0,349028640.0,-0.08450450218380814
P04908,20141108_H1heavyN1light_2,1331473500.0,1697451900.0,-0.3503469787716763
P04908,20141108_H1heavyN1light_3,3638748000.0,4515374000.0,-0.3114033470065743
P04908,20141108_H2heavyN2light_2,696912600.0,923771700.0,-0.4065586108469343
P04908,20141108_H2heavyN2light_3,3959271000.0,5045545500.0,-0.34977543616670026
P04908,20141108_H2heavyN2light_4,1881817300.0,2499601000.0,-0.4095712544535969
P04908,20141108_H3heavyN3light_1,163920370.0,187375970.0,-0.19294080076776576
P04908,20141108_H3heavyN3light_2,292702850.0,405741500.0,-0.47112407853824345
P04908,20141108_H3heavyN3light_3,3182330000.0,3843902000.0,-0.2724881077290262
P05023,20141108_H1heavyN1light_4,666747600.0,870013060.0,-0.3838963310932909
P05026,20141108_H1heavyN1light_2,169108050.0,195391700.0,-0.20842384712660603
P05026,20141108_H2heavyN2light_2,97610480.0,137390750.0,-0.4931769192996862
P05026,20141108_H3heavyN3light_2,134908080.0,130067650.0,0.05271457339270956
P05387,20141108_H1heavyN1light_1,4099013480.0,6317626100.0,-0.6241058212703892
P05387,20141108_H1heavyN1light_2,2532702200.0,3941814800.0,-0.6381825430421924
P05387,20141108_H2heavyN2light_1,3241644850.0,5191717200.0,-0.6794857599915226
P05387,20141108_H2heavyN2light_2,518640030.0,963208800.0,-0.8931150113241767
P05387,20141108_H3heavyN3light_1,2850784110.0,3880862870.0,-0.4450186684455709
P05387,20141108_H3heavyN3light_2,3471621220.0,4769263880.0,-0.4581570607543029
P05387,20141108_H3heavyN3light_3,487269340.0,761105200.0,-0.6433764288797963
P05388,20141108_H1heavyN1light_1,1126367400.0,1680862700.0,-0.5775243995841867
P05388,20141108_H2heavyN2light_1,645132200.0,872117300.0,-0.43492736410308835
P05388,20141108_H3heavyN3light_1,518048030.0,687181200.0,-0.4076047062710217
P05783,20141108_H1heavyN1light_1,11973003.0,15626178.0,-0.38417990716930833
P05783,20141108_H1heavyN1light_4,1801643500.0,2016359700.0,-0.16243945902771165
P05783,20141108_H3heavyN3light_4,3017522700.0,3298001000.0,-0.128227212198447
P05787,20141108_H1heavyN1light_1,924538750.0,861656200.0,0.10162143809281797
P05787,20141108_H1heavyN1light_2,724798600.0,658968000.0,0.13737176018085628
P05787,20141108_H2heavyN2light_1,526320580.0,495138620.0,0.08810932614664481
P05787,20141108_H2heavyN2light_2,148231716.5,144598953.0,0.03579706171666043
P05787,20141108_H3heavyN3light_1,140641820.0,33413334.0,2.0735297973254676
P05787,20141108_H3heavyN3light_2,523072830.0,473964500.0,0.14223282884427071
P06576,20141108_H1heavyN1light_1,24689208.0,26147868.0,-0.08281276196755205
P06576,20141108_H3heavyN3light_1,9713833.0,13690751.0,-0.49508899824869895
P06733,20141108_H1heavyN1light_2,2802507000.0,2660162600.0,0.0752035447130716
P06733,20141108_H2heavyN2light_2,1459593200.0,1610445800.0,-0.14189377245970258
P06733,20141108_H2heavyN2light_5,27145495000.0,25524380000.0,0.08883687400993621
P06733,20141108_H3heavyN3light_2,1229944200.0,1084349400.0,0.18176316694324704
P07195,20141108_H1heavyN1light_1,313824800.0,413159940.0,-0.39674101146580015
P07195,20141108_H2heavyN2light_1,320057900.0,460029540.0,-0.5233935851733075
P07195,20141108_H3heavyN3light_2,115753944.0,148817090.0,-0.36247886333689633
P07237,20141108_H1heavyN1light_1,3243442590.0,3031808320.0,0.09734735797387593
P07237,20141108_H1heavyN1light_2,437304280.0,375881796.0,0.21835842130373534
P07237,20141108_H1heavyN1light_3,24990630.0,26257756.0,-0.07135635668248498
P07237,20141108_H1heavyN1light_4,25006198.0,25267964.0,-0.015023698370933546
P07237,20141108_H2heavyN2light_1,1986424100.0,1857491230.0,0.0968182708124341
P07237,20141108_H2heavyN2light_3,3531469.0,4079013.5,-0.20795184964830443
P07237,20141108_H3heavyN3light_1,1402957020.0,1140319020.0,0.29903331752069984
P07237,20141108_H3heavyN3light_2,715834720.0,541451220.0,0.40279515068972843
P07237,20141108_H3heavyN3light_3,32587718.0,27665608.0,0.23623469902953506
P07237,20141108_H3heavyN3light_4,195549220.0,153203490.0,0.3520826190490659
P07355,20141108_H1heavyN1light_1,67905730.0,72242610.0,-0.08931669917921632
P07355,20141108_H2heavyN2light_2,149594380.0,159373740.0,-0.09135795944250262
P07437,20141108_H1heavyN1light_5,12658758000.0,13870545000.0,-0.13188861171145638
P07437,20141108_H2heavyN2light_5,19103953000.0,21125430000.0,-0.14510951482915838
P07602,20141108_H1heavyN1light_1,294085500.0,396379460.0,-0.4306465520623136
P07602,20141108_H1heavyN1light_2,133283950.0,133609710.0,-0.0035217964331085766
P07602,20141108_H2heavyN2light_1,316760800.0,458613760.0,-0.5338858323356395
P07602,20141108_H3heavyN3light_2,106504350.0,142470400.0,-0.4197498563191386
P07900,20141108_H1heavyN1light_2,39650976.0,49594996.0,-0.3228381859699287
P07996,20141108_H3heavyN3light_1,4135595.8,9750252.0,-1.2373443183869999
P08134,20141108_H3heavyN3light_2,37484850.0,37130604.0,0.013698845478421382
P08397,20141108_H1heavyN1light_3,98544750.0,136582830.0,-0.47092521357771544
P08397,20141108_H1heavyN1light_4,92576050.0,118942500.0,-0.3615533918293001
P08397,20141108_H2heavyN2light_3,30046720.0,49079820.0,-0.7079224477959604
P08397,20141108_H2heavyN2light_4,120099496.0,143383060.0,-0.2556444900609903
P08397,20141108_H3heavyN3light_4,132110960.0,188837580.0,-0.5153957413348412
P08727,20141108_H1heavyN1light_1,332134530.0,158102050.0,1.070911644589237
P08727,20141108_H1heavyN1light_2,2799164300.0,2201189600.0,0.3467127524853953
P08727,20141108_H2heavyN2light_1,656361700.0,561495200.0,0.2252173675557598
P08727,20141108_H2heavyN2light_2,1575700200.0,1267380000.0,0.3141439128304561
P08727,20141108_H2heavyN2light_3,1158644700.0,943597900.0,0.296194116791727
P08727,20141108_H3heavyN3light_1,294123740.0,232125660.0,0.341517222921907
P08727,20141108_H3heavyN3light_2,799568131.0,582508889.0,0.45694090537706117
P08727,20141108_H3heavyN3light_3,1459254700.0,1038230500.0,0.4911049395101265
P08758,20141108_H1heavyN1light_1,8826370.0,9506149.0,-0.1070407885898705
P08758,20141108_H1heavyN1light_2,46704932.0,36816110.0,0.34323770611709464
P08758,20141108_H1heavyN1light_3,15068568.0,9155356.0,0.7188544304122814
P08758,20141108_H2heavyN2light_1,38129504.0,25271822.0,0.5933780834478767
P08758,20141108_H2heavyN2light_2,48835520.0,37051924.0,0.398382399106167
P08758,20141108_H2heavyN2light_3,9666905.0,9995702.0,-0.048253827404575
P08758,20141108_H3heavyN3light_2,39681290.0,29211218.0,0.44193641261368505
P09104,20141108_H2heavyN2light_5,19784948.0,1523786933.34,-6.267114105352743
P09211,20141108_H1heavyN1light_2,40698056.0,59489130.0,-0.5476661959435022
P09211,20141108_H3heavyN3light_2,11727159.0,7362962.0,0.6714953901023326
P09525,20141108_H2heavyN2light_2,85423176.0,86748240.0,-0.02220694992094501
P09874,20141108_H1heavyN1light_1,146216030.0,134423620.0,0.12131482503413236
P09874,20141108_H2heavyN2light_1,120401860.0,124833400.0,-0.052146309020314426
P09972,20141108_H1heavyN1light_1,1459807500.0,1244426100.0,0.23029757951058433
P09972,20141108_H1heavyN1light_2,3038826500.0,2462035500.0,0.3036627432528022
P09972,20141108_H2heavyN2light_1,1414754400.0,1184181500.0,0.2566614039310449
P09972,20141108_H2heavyN2light_2,1311426200.0,1011729340.0,0.3743132340030417
P09972,20141108_H3heavyN3light_1,907763800.0,517460220.0,0.8108689983110539
P09972,20141108_H3heavyN3light_2,2301160700.0,1692634100.0,0.44309159996257846
P0DMV8,20141108_H1heavyN1light_1,294128580.0,209787070.0,0.4875212136867083
P0DPH7,20141108_H1heavyN1light_1,405011100.0,490680100.0,-0.27682131473140387
P0DPH7,20141108_H1heavyN1light_2,39018656.0,46650310.0,-0.2577225830026127
P0DPH7,20141108_H2heavyN2light_1,336775200.0,390739840.0,-0.21442245802850488
P0DPH7,20141108_H2heavyN2light_5,22722685000.0,26411342000.0,-0.21702428955232422
P0DPH7,20141108_H3heavyN3light_1,67711700.0,60832310.0,0.15456735159043225
P10809,20141108_H1heavyN1light_1,6014364383.0,6585480606.0,-0.13087645479312857
P10809,20141108_H1heavyN1light_2,718069352.0,752313651.0,-0.06721108082350462
P10809,20141108_H1heavyN1light_4,574692464.0,681375310.0,-0.2456595404599952
P10809,20141108_H2heavyN2light_1,2217908496.5,2326441162.5,-0.06892485473436025
P10809,20141108_H3heavyN3light_1,1988914800.0,1912810500.0,0.05628752156959242
P10809,20141108_H3heavyN3light_2,383511000.0,378599400.0,0.018595833541234827
P10809,20141108_H3heavyN3light_4,27673948.0,43207410.0,-0.6427502781347558
P11021,20141108_H2heavyN2light_2,56693250.0,71377304.0,-0.33228843468907315
P11021,20141108_H2heavyN2light_3,268911260.0,308670140.0,-0.19893576109235533
P11021,20141108_H3heavyN3light_3,312110620.0,307219970.0,0.022785450226053872
P11142,20141108_H1heavyN1light_1,2111007400.0,2613860900.0,-0.30825073231906214
P11142,20141108_H1heavyN1light_2,3922287400.0,4790499920.0,-0.2884809676623631
P11142,20141108_H1heavyN1light_4,8270374400.0,9440612000.0,-0.19092774550277
P11142,20141108_H1heavyN1light_5,1053400640.0,1268081000.0,-0.2675926609521522
P11142,20141108_H2heavyN2light_1,3321050400.0,4309824500.0,-0.375989505414011
P11142,20141108_H2heavyN2light_2,2431660500.0,3052975000.0,-0.3282739569807377
P11142,20141108_H2heavyN2light_3,1988075540.0,2499423500.0,-0.3302227956789431
P11142,20141108_H2heavyN2light_4,3872001300.0,4439464400.0,-0.19730619587673495
P11142,20141108_H2heavyN2light_5,2205541400.0,2711733200.0,-0.2980824012735118
P11142,20141108_H3heavyN3light_1,1771043700.0,1956315500.0,-0.1435392455504215
P11142,20141108_H3heavyN3light_2,4858327060.0,5199409864.0,-0.09788827112385838
P11142,20141108_H3heavyN3light_3,1846220800.0,2107585800.0,-0.19101626123117268
P11142,20141108_H3heavyN3light_4,8013922300.0,8088648700.0,-0.013390182302415394
P11216,20141108_H1heavyN1light_2,24240792.0,31181262.0,-0.36324248384841185
P11216,20141108_H2heavyN2light_1,43823560.0,57866150.0,-0.40101297449212625
P11216,20141108_H3heavyN3light_2,23314512.0,29904120.0,-0.3591160307904841
P11413,20141108_H1heavyN1light_3,54904948.0,89043280.0,-0.6975705669261604
P11413,20141108_H2heavyN2light_3,40916268.0,70106136.0,-0.7768661589211658
P12004,20141108_H1heavyN1light_1,84003390.0,117936870.0,-0.4894953563198036
P12004,20141108_H2heavyN2light_1,52575244.0,82141400.0,-0.6437258960308451
P12004,20141108_H3heavyN3light_1,76667704.0,95203770.0,-0.31239972884301953
P12270,20141108_H1heavyN1light_3,50066630.0,64824500.0,-0.37268982297213904
P12270,20141108_H1heavyN1light_4,84491704.0,113658070.0,-0.42781852331647713
P12270,20141108_H2heavyN2light_4,124033980.0,165739570.0,-0.4181826728852137
P12814,20141108_H1heavyN1light_1,395094900.0,363605380.0,0.11982567752624806
P12814,20141108_H1heavyN1light_2,228389220.0,217040100.0,0.0735329394736449
P12814,20141108_H2heavyN2light_1,472135330.0,466532640.0,0.01722242438752743
P12814,20141108_H2heavyN2light_2,59442336.0,53101896.0,0.16272743958305366
P12814,20141108_H3heavyN3light_1,349001950.0,294643100.0,0.24426661599775193
P12814,20141108_H3heavyN3light_2,402427400.0,341055230.0,0.23872315084224235
P12956,20141108_H1heavyN1light_3,8319092.0,20239698.0,-1.2826897865745863
P12956,20141108_H2heavyN2light_3,6228255.0,8525630.0,-0.4529784326927826
P12956,20141108_H3heavyN3light_3,27018126.0,44362148.0,-0.7154016104008865
P13667,20141108_H1heavyN1light_1,527740600.0,488001100.0,0.11294457707211981
P13667,20141108_H2heavyN2light_1,174929620.0,139286080.0,0.3287235098296796
P13667,20141108_H3heavyN3light_1,311041020.0,244791570.0,0.3455509789760324
P13674,20141108_H1heavyN1light_1,205511300.0,65889010.0,1.6411079672415572
P13674,20141108_H2heavyN2light_1,144806370.0,43824690.0,1.7243092766200847
P13674,20141108_H3heavyN3light_1,158019680.0,46794188.0,1.7557029865891969
P13861,20141108_H1heavyN1light_3,10506083.0,15569770.0,-0.5675227455640036
P13861,20141108_H2heavyN2light_3,8106982.5,10506602.0,-0.37405922057700014
P13861,20141108_H3heavyN3light_3,38598256.0,44178784.0,-0.19481804663009758
P14618,20141108_H1heavyN1light_1,4868152300.0,5038995000.0,-0.049761721348696934
P14618,20141108_H1heavyN1light_2,617141950.0,675558140.0,-0.13047757177221003
P14618,20141108_H2heavyN2light_1,3580593700.0,3683217200.0,-0.04076765444268382
P14618,20141108_H3heavyN3light_1,3008640000.0,2683710000.0,0.16488270750722867
P14618,20141108_H3heavyN3light_2,912193500.0,785145540.0,0.21637978333707714
P14625,20141108_H1heavyN1light_4,1161220500.0,967725950.0,0.26297149230108263
P14625,20141108_H2heavyN2light_4,586530200.0,493204350.0,0.25001986926693776
P14866,20141108_H1heavyN1light_5,1292764700.0,1539969900.0,-0.2524424427449555
P14866,20141108_H2heavyN2light_5,1814520300.0,2319312100.0,-0.3541087733033365
P15153,20141108_H1heavyN1light_2,20462518.0,28594376.0,-0.48274773693407236
P15153,20141108_H2heavyN2light_2,12494314.0,10818339.0,0.20779268132236847
P15311,20141108_H1heavyN1light_1,576458240.0,668268200.0,-0.2132111247715497
P15311,20141108_H2heavyN2light_1,818254460.0,974927740.0,-0.25274573181700744
P16104,20141108_H1heavyN1light_2,267467650.0,314590720.0,-0.23411170458721525
P16104,20141108_H1heavyN1light_3,758538000.0,834511800.0,-0.13771099337874398
P16104,20141108_H2heavyN2light_2,115832740.0,138988640.0,-0.26292388436681213
P16104,20141108_H2heavyN2light_3,642898600.0,728392450.0,-0.18012475936530734
P16104,20141108_H3heavyN3light_3,917273600.0,915795900.0,0.002326012105620927
P16422,20141108_H2heavyN2light_2,17330584.0,21995272.0,-0.34387317139577345
P16422,20141108_H3heavyN3light_2,26926676.0,29620284.0,-0.1375493279006877
P16989,20141108_H3heavyN3light_4,219225800.0,406417150.0,-0.8905436877068147
P17174,20141108_H1heavyN1light_3,14162398.0,22156608.0,-0.6456714676374689
P17174,20141108_H3heavyN3light_3,18896958.0,18576998.0,0.024636626188644345
P17655,20141108_H1heavyN1light_2,16732512.0,17689970.0,-0.08027755244180232
P17655,20141108_H3heavyN3light_2,18308776.0,19594842.0,-0.09793859443733266
P17655,20141108_H3heavyN3light_3,49661140.0,57299136.0,-0.2063960053035004
P17812,20141108_H1heavyN1light_3,74726216.0,145381620.0,-0.9601585129857444
P17812,20141108_H1heavyN1light_4,44690960.0,71515976.0,-0.6782825270819205
P17812,20141108_H2heavyN2light_4,65458030.0,107967680.0,-0.7219574185786429
P17812,20141108_H3heavyN3light_4,179884400.0,208832380.0,-0.21527534475174073
P17987,20141108_H3heavyN3light_1,39522268.0,43333788.0,-0.13282661565293713
P18085,20141108_H1heavyN1light_1,484909380.0,538008260.0,-0.14991316130139146
P18085,20141108_H1heavyN1light_2,71892860.0,85607120.0,-0.2518822941924419
P18085,20141108_H2heavyN2light_1,309769200.0,342309600.0,-0.14410804726327867
P18085,20141108_H3heavyN3light_1,149582180.0,157218740.0,-0.07183487819639364
P18085,20141108_H3heavyN3light_2,74844160.0,72153330.0,0.05282376980753245
P18206,20141108_H1heavyN1light_1,202644200.0,221198960.0,-0.12639571879794037
P18206,20141108_H1heavyN1light_2,571685300.0,626971500.0,-0.13317867040429193
P18206,20141108_H1heavyN1light_3,228317490.0,261270110.0,-0.1945007061252673
P18206,20141108_H2heavyN2light_1,349612860.0,499565150.0,-0.5149145838313124
P18206,20141108_H2heavyN2light_2,84065410.0,91132640.0,-0.11645555757682872
P18206,20141108_H2heavyN2light_3,90069990.0,96733690.0,-0.10297193167397906
P18206,20141108_H3heavyN3light_1,20169320.0,23844892.0,-0.24151780346457496
P18206,20141108_H3heavyN3light_3,357587600.0,338442300.0,0.07938681524789873
P19338,20141108_H1heavyN1light_1,141008266.0,167723412.0,-0.25030434750046676
P19338,20141108_H1heavyN1light_2,775879340.0,992249940.0,-0.3548712592224795
P19338,20141108_H1heavyN1light_3,652335960.0,956824640.0,-0.5526393828400888
P19338,20141108_H2heavyN2light_1,294908730.0,373746470.0,-0.34179142301993065
P19338,20141108_H2heavyN2light_2,548482400.0,782157020.0,-0.5120129338941083
P19338,20141108_H2heavyN2light_3,679621370.0,1049888100.0,-0.6274324472062474
P19338,20141108_H3heavyN3light_1,87768190.0,100801570.0,-0.19974804844477576
P19338,20141108_H3heavyN3light_2,593247970.0,698660450.0,-0.2359562152719725
P19338,20141108_H3heavyN3light_3,992893060.0,1126043300.0,-0.18155205966035454
P19367,20141108_H1heavyN1light_4,127183656.0,142083490.0,-0.15982563817751874
P19367,20141108_H2heavyN2light_4,102567990.0,118946550.0,-0.21373287080453587
P20810,20141108_H1heavyN1light_5,1129141310.0,1570147150.0,-0.4756737228873819
P21333,20141108_H2heavyN2light_1,68334290.0,99851950.0,-0.5471809007235378
P21333,20141108_H3heavyN3light_1,50112730.0,41228260.0,0.2815435589383845
P22314,20141108_H1heavyN1light_2,388574660.0,297600450.0,0.38481511402322655
P23246,20141108_H1heavyN1light_1,376893570.0,543397000.0,-0.5278494186286111
P23246,20141108_H1heavyN1light_2,41312176.0,55392640.0,-0.4231272466355917
P23246,20141108_H1heavyN1light_3,365942430.0,501763600.0,-0.4553911136721693
P23246,20141108_H1heavyN1light_4,110403780.0,147782050.0,-0.42068147866271915
P23246,20141108_H2heavyN2light_2,5585499.5,8537728.0,-0.6121658972866038
P23246,20141108_H2heavyN2light_3,201465140.0,305347420.0,-0.5999214279979909
P23246,20141108_H2heavyN2light_4,95635030.0,129715970.0,-0.43974504557864863
P23246,20141108_H3heavyN3light_1,166510430.0,216402690.0,-0.37810588404340545
P23246,20141108_H3heavyN3light_3,384157600.0,479950140.0,-0.3211862425382707
P23246,20141108_H3heavyN3light_4,262171420.0,308940670.0,-0.2368193826183307
P23381,20141108_H1heavyN1light_2,11290526.0,18207376.0,-0.6894103202461402
P23381,20141108_H1heavyN1light_3,255416060.0,491742530.0,-0.945053895484913
P23381,20141108_H1heavyN1light_4,84751230.0,166878460.0,-0.9774915380093471
P23381,20141108_H2heavyN2light_2,2124838.8,4720719.0,-1.1516532133688222
P23381,20141108_H2heavyN2light_3,213190070.0,327138490.0,-0.6177612703999951
P23381,20141108_H2heavyN2light_4,55556690.0,128655260.0,-1.2114778890988718
P23381,20141108_H3heavyN3light_3,297838370.0,525921120.0,-0.8203168081031845
P23381,20141108_H3heavyN3light_4,150976080.0,266886340.0,-0.8219054728789063
P23528,20141108_H1heavyN1light_1,314275330.0,304482020.0,0.04567198992722095
P23528,20141108_H1heavyN1light_4,7252017700.0,8464621000.0,-0.22306302720470517
P23528,20141108_H2heavyN2light_1,242336130.0,265374740.0,-0.1310215397938977
P23528,20141108_H2heavyN2light_5,1021588030.0,1197288400.0,-0.2289571809942358
P23528,20141108_H3heavyN3light_1,136791740.0,109754430.0,0.31770194530012014
P23528,20141108_H3heavyN3light_4,6769834500.0,6793153500.0,-0.004960888973387171
P23588,20141108_H1heavyN1light_1,18156794.0,23399852.0,-0.36598992094985494
P23588,20141108_H2heavyN2light_1,27924248.0,49626404.0,-0.8295894892282868
P23588,20141108_H3heavyN3light_1,21972230.0,18946680.0,0.2137362297049109
P23921,20141108_H1heavyN1light_1,14516600.0,26580494.0,-0.8726643248104288
P25205,20141108_H1heavyN1light_1,79941610.0,109880630.0,-0.4589185536262365
P25205,20141108_H2heavyN2light_1,49569388.0,72932850.0,-0.5571193245134226
P25705,20141108_H1heavyN1light_1,278939550.0,342085820.0,-0.2944057990859792
P25705,20141108_H2heavyN2light_1,182761870.0,192433000.0,-0.07439111634706706
P25705,20141108_H3heavyN3light_1,25866792.0,19223494.0,0.42823056253030095
P25787,20141108_H3heavyN3light_2,128024000.0,190332220.0,-0.5721055157718676
P26038,20141108_H1heavyN1light_1,3473590000.0,3403705900.0,0.02932109258521508
P26038,20141108_H1heavyN1light_2,745503100.0,724444540.0,0.04133910343503133
P26038,20141108_H1heavyN1light_3,341528700.0,291728480.0,0.22738058269832628
P26038,20141108_H2heavyN2light_1,3191938390.0,3122778000.0,0.03160279426602434
P26038,20141108_H2heavyN2light_2,236258660.0,223331460.0,0.08118071852966789
P26038,20141108_H2heavyN2light_4,332451870.0,362470880.0,-0.12471960460843988
P26038,20141108_H3heavyN3light_1,2211815200.0,1991338500.0,0.15149237147946437
P26038,20141108_H3heavyN3light_2,1154563800.0,1008135550.0,0.19565826608351092
P26038,20141108_H3heavyN3light_3,462316800.0,405136740.0,0.1904728668362564
P26232,20141108_H3heavyN3light_2,336125980.0,356540400.0,-0.08506350296690628
P26599,20141108_H1heavyN1light_1,32964250.0,42434868.0,-0.3643479320936463
P26599,20141108_H1heavyN1light_2,301591598.0,369259940.0,-0.2920405196791671
P26599,20141108_H1heavyN1light_3,552909440.0,740578600.0,-0.4216096580322357
P26599,20141108_H2heavyN2light_1,63088590.0,88067570.0,-0.4812317513447064
P26599,20141108_H2heavyN2light_2,162499134.0,188384294.0,-0.2132466597389847
P26599,20141108_H2heavyN2light_3,595999740.0,748427260.0,-0.32855040555883475
P26599,20141108_H3heavyN3light_2,54715560.0,63087990.0,-0.205414222186011
P26599,20141108_H3heavyN3light_3,690491500.0,719887500.0,-0.06014781292897565
P26641,20141108_H2heavyN2light_1,56056824.0,110310640.0,-0.9766100393028958
P27348,20141108_H1heavyN1light_1,951983400.0,1000614000.0,-0.07187722073176897
P27348,20141108_H1heavyN1light_2,86379736.0,45137748.0,0.9363584654981452
P27348,20141108_H2heavyN2light_1,582533900.0,596030340.0,-0.033043762249892
P27348,20141108_H2heavyN2light_2,26792114.0,19313190.0,0.47222194288499697
P27348,20141108_H3heavyN3light_1,428871680.0,367205400.0,0.22395877787363938
P27348,20141108_H3heavyN3light_2,282509900.0,262862110.0,0.10399522371815621
P27694,20141108_H3heavyN3light_2,215742880.0,221660420.0,-0.03903823551217853
P27695,20141108_H1heavyN1light_2,9835919.0,9942090.0,-0.015489309012586336
P27695,20141108_H2heavyN2light_3,35272030.0,34287216.0,0.04085384180299707
P27824,20141108_H1heavyN1light_2,74462740.0,78649540.0,-0.07891962382036632
P29401,20141108_H1heavyN1light_1,710701950.0,971942100.0,-0.45162571523302075
P29401,20141108_H1heavyN1light_2,2138917900.0,2914830800.0,-0.44653103303241487
P29401,20141108_H2heavyN2light_1,621655900.0,812050200.0,-0.3854526775540293
P29401,20141108_H2heavyN2light_2,664186900.0,882228200.0,-0.40956260789833293
P29401,20141108_H3heavyN3light_1,228746240.0,251604510.0,-0.13740975330064517
P29401,20141108_H3heavyN3light_2,705946300.0,870368900.0,-0.302068562578931
P29966,20141108_H1heavyN1light_1,284561300.0,343700830.0,-0.27241386527853845
P30041,20141108_H1heavyN1light_1,62946868.0,89851670.0,-0.5134107215479241
P30041,20141108_H1heavyN1light_2,336498240.0,399937700.0,-0.24917632367644824
P30041,20141108_H2heavyN2light_2,169192060.0,189462750.0,-0.16325236413822383
P30041,20141108_H2heavyN2light_3,251620270.0,243730980.0,0.045958507512308566
P30041,20141108_H3heavyN3light_2,167247000.0,170020540.0,-0.023728714643373384
P30086,20141108_H1heavyN1light_2,67469350.0,104181000.0,-0.6267880221482084
P30153,20141108_H1heavyN1light_2,258130020.0,342450560.0,-0.40779778577672116
P30153,20141108_H1heavyN1light_3,831917900.0,1046474700.0,-0.33102436847059324
P30153,20141108_H1heavyN1light_4,192835520.0,248700320.0,-0.367037545649266
P30153,20141108_H2heavyN2light_2,182602420.0,228409360.0,-0.32291588694309953
P30153,20141108_H2heavyN2light_3,708681860.0,968085760.0,-0.44999673635688836
P30153,20141108_H2heavyN2light_4,241055200.0,318703520.0,-0.4028514017753711
P30153,20141108_H3heavyN3light_2,66992548.0,84153460.0,-0.32902196519885574
P30153,20141108_H3heavyN3light_3,705673500.0,824426000.0,-0.22438917020101287
P30520,20141108_H3heavyN3light_2,131618400.0,159127220.0,-0.2738194522788892
P31150,20141108_H1heavyN1light_3,205638320.0,210360200.0,-0.03275264268739982
P31150,20141108_H2heavyN2light_2,21998354.0,11719794.0,0.9084483683050004
P31150,20141108_H2heavyN2light_3,195147230.0,181261340.0,0.1064917294502853
P31942,20141108_H1heavyN1light_2,136538030.0,152839570.0,-0.16271526229738353
P31942,20141108_H1heavyN1light_3,206015540.0,235503920.0,-0.1929979081896416
P31942,20141108_H2heavyN2light_2,91454720.0,124166880.0,-0.44115086873124565
P31942,20141108_H2heavyN2light_3,127696480.0,161633140.0,-0.34000427019719653
P31942,20141108_H3heavyN3light_2,35450680.0,36020680.0,-0.023012115864121937
P31942,20141108_H3heavyN3light_3,188429420.0,190746290.0,-0.017630762575891124
P31943,20141108_H1heavyN1light_2,299647300.0,386999170.0,-0.3690650977857952
P31943,20141108_H1heavyN1light_3,412108220.0,554486660.0,-0.42812951181726366
P31943,20141108_H2heavyN2light_1,47619896.0,74564410.0,-0.6469227187242932
P31943,20141108_H2heavyN2light_2,189176300.0,264520380.0,-0.4836475199942612
P31943,20141108_H2heavyN2light_3,256043140.0,379034000.0,-0.5659403600213508
P31943,20141108_H2heavyN2light_4,62678196.0,122158890.0,-0.962723296259794
P31943,20141108_H3heavyN3light_1,50324892.0,62130344.0,-0.3040258710925997
P31943,20141108_H3heavyN3light_2,50929320.0,75845000.0,-0.5745576207547664
P31943,20141108_H3heavyN3light_3,477222370.0,589053630.0,-0.30373731769862156
P31946,20141108_H1heavyN1light_1,621613630.0,903396400.0,-0.5393410269191837
P31946,20141108_H1heavyN1light_2,180504600.0,263821820.0,-0.547528287600707
P31946,20141108_H1heavyN1light_5,40099976.0,64132390.0,-0.6774517993821606
P31946,20141108_H2heavyN2light_1,529536540.0,833687100.0,-0.6547757729885804
P31946,20141108_H2heavyN2light_2,42865876.0,84006320.0,-0.9706682430555826
P31946,20141108_H3heavyN3light_1,358551940.0,597297860.0,-0.7362684293608385
P31946,20141108_H3heavyN3light_2,423754800.0,487555000.0,-0.20233526508689953
P33176,20141108_H1heavyN1light_1,3514784.8,2552540.2,0.461502677690046
P33176,20141108_H1heavyN1light_2,71943624.0,117071016.0,-0.7024452040871384
P33176,20141108_H1heavyN1light_3,175801280.0,220584020.0,-0.3273827053343809
P33176,20141108_H1heavyN1light_4,110439760.0,125893416.0,-0.18894317678755773
P33176,20141108_H2heavyN2light_1,53822610.0,72252410.0,-0.4248333571717571
P33176,20141108_H2heavyN2light_2,5649706.0,8685825.0,-0.6204870916338802
P33176,20141108_H2heavyN2light_3,107047850.0,134520700.0,-0.3295723710511675
P33176,20141108_H2heavyN2light_4,203108660.0,208638420.0,-0.03875309579098717
P33176,20141108_H2heavyN2light_5,2490020.2,7562290.0,-1.60266572906702
P33176,20141108_H3heavyN3light_1,9728022.0,9652544.0,0.01123726591183195
P33176,20141108_H3heavyN3light_3,114555280.0,135343970.0,-0.24058665653560735
P33176,20141108_H3heavyN3light_4,302205120.0,206543680.0,0.5490811869903754
P33316,20141108_H1heavyN1light_1,61987276.0,125410930.0,-1.0166190775512491
P33316,20141108_H1heavyN1light_2,42225700.0,110563010.0,-1.3886755529961037
P33316,20141108_H3heavyN3light_1,30730466.0,69969440.0,-1.1870553008224138
P33316,20141108_H3heavyN3light_2,45366100.0,81100856.0,-0.8381025013636796
P35222,20141108_H1heavyN1light_3,40195920.0,36541636.0,0.13750784510252662
P35222,20141108_H1heavyN1light_4,11638696.0,10471552.0,0.15245414618458852
P35222,20141108_H3heavyN3light_3,68001090.0,74120510.0,-0.12431493640127125
P35222,20141108_H3heavyN3light_4,101366280.0,90187790.0,0.1685737786983623
P35232,20141108_H1heavyN1light_2,309010560.0,441062600.0,-0.5133272909337121
P35232,20141108_H2heavyN2light_2,317704930.0,443933200.0,-0.4826551288192005
P35241,20141108_H1heavyN1light_1,152160220.0,180856780.0,-0.24925644586132192
P35241,20141108_H2heavyN2light_1,175292270.0,416027700.0,-1.246917211385763
P35270,20141108_H1heavyN1light_2,105602940.0,111124540.0,-0.07352744695298896
P35270,20141108_H1heavyN1light_3,209484000.0,224545420.0,-0.10016723835009411
P35270,20141108_H2heavyN2light_2,37324092.0,38215810.0,-0.03406244550539118
P35270,20141108_H2heavyN2light_3,160818660.0,170001800.0,-0.08011520784998305
P35270,20141108_H2heavyN2light_4,31391482.0,41694016.0,-0.40946719981131896
P35270,20141108_H3heavyN3light_3,206106400.0,209476020.0,-0.023395795232567664
P35579,20141108_H1heavyN1light_1,286787780.0,241595800.0,0.24738817776959848
P35579,20141108_H1heavyN1light_2,495104986.0,476002590.0,0.05676505469528834
P35579,20141108_H2heavyN2light_1,372430850.0,344447170.0,0.112689857485816
P35579,20141108_H2heavyN2light_2,196910530.0,193240380.0,0.027143668062536378
P35579,20141108_H3heavyN3light_1,251325340.0,217903400.0,0.2058674316306324
P35579,20141108_H3heavyN3light_2,389267900.0,339964200.0,0.1953805503023263
P35658,20141108_H1heavyN1light_2,15618010.0,21337740.0,-0.4501967389974145
P36871,20141108_H1heavyN1light_2,2238433.2,1218451.9,0.8774399656516252
P36871,20141108_H1heavyN1light_3,65100390.0,88325820.0,-0.4401690516440696
P36871,20141108_H1heavyN1light_4,53654296.0,55748160.0,-0.05523049931777833
P36871,20141108_H2heavyN2light_4,70074460.0,59475236.0,0.2365996304341459
P36871,20141108_H3heavyN3light_3,186262460.0,122472630.0,0.604877563755937
P36871,20141108_H3heavyN3light_4,306298200.0,211966980.0,0.5310973480531137
P36873,20141108_H1heavyN1light_1,39226176.0,58879464.0,-0.5859478382945997
P38606,20141108_H1heavyN1light_1,63039656.0,93517910.0,-0.5689830257301565
P38606,20141108_H2heavyN2light_1,66329170.0,81288940.0,-0.293415602595866
P38606,20141108_H3heavyN3light_1,20329192.0,25323926.0,-0.31694820967296244
P40227,20141108_H3heavyN3light_1,39266950.0,42379080.0,-0.11003672560115368
P40939,20141108_H1heavyN1light_2,87900616.0,151284110.0,-0.7833152824445766
P40939,20141108_H2heavyN2light_2,56657600.0,104683390.0,-0.8856911536024508
P41091,20141108_H1heavyN1light_1,12972042.0,15307081.0,-0.2387935928352279
P41091,20141108_H2heavyN2light_1,4927311.0,7320826.0,-0.5712059012814076
P41250,20141108_H1heavyN1light_1,323312480.0,433453200.0,-0.4229470366946438
P41250,20141108_H1heavyN1light_2,118800180.0,155363680.0,-0.3871122564294511
P41250,20141108_H1heavyN1light_3,82936460.0,118430620.0,-0.5139637603965111
P41250,20141108_H2heavyN2light_1,406195940.0,523571230.0,-0.3662100043124917
P41250,20141108_H2heavyN2light_2,72358216.0,98888660.0,-0.45064825166033556
P41250,20141108_H3heavyN3light_1,124287670.0,158674320.0,-0.35238547950974963
P41250,20141108_H3heavyN3light_2,320239170.0,442864590.0,-0.46771586702388035
P41250,20141108_H3heavyN3light_3,113500110.0,155116780.0,-0.4506610648836095
P42704,20141108_H1heavyN1light_2,102710890.0,353793200.0,-1.7843171667085942
P42704,20141108_H2heavyN2light_1,152241520.0,1397516500.0,-3.1984315406043944
P42704,20141108_H3heavyN3light_1,103733410.0,553390850.0,-2.4154181641490875
P42704,20141108_H3heavyN3light_2,205417360.0,672302400.0,-1.7105521895206368
P42704,20141108_H3heavyN3light_4,89472456.0,127609730.0,-0.5122228123475295
P43243,20141108_H1heavyN1light_1,672846.4,3010533.8,-2.1616702115183672
P43307,20141108_H1heavyN1light_1,29994468.0,32164560.0,-0.10077551002851647
P43307,20141108_H1heavyN1light_2,18983660.0,27982548.0,-0.5597691686055798
P43307,20141108_H3heavyN3light_1,26090120.0,25273338.0,0.04588735758522279
P43307,20141108_H3heavyN3light_2,44585276.0,52783944.0,-0.24353180435831023
P43686,20141108_H1heavyN1light_1,160450700.0,234966664.0,-0.5503260046131453
P43686,20141108_H1heavyN1light_2,42991590.0,57287536.0,-0.4141668192934071
P43686,20141108_H2heavyN2light_1,116608174.0,184349446.0,-0.6607741587827712
P43686,20141108_H2heavyN2light_2,12820816.0,16531811.0,-0.36675668794073124
P43686,20141108_H3heavyN3light_1,41193390.0,41829316.0,-0.022101549654412526
P43686,20141108_H3heavyN3light_2,77195010.0,91691830.0,-0.24828559880120593
P46940,20141108_H1heavyN1light_2,722429400.0,763335722.0,-0.07946110108874892
P46940,20141108_H2heavyN2light_1,443798000.0,463888480.0,-0.0638748534208733
P46940,20141108_H2heavyN2light_2,504116860.0,546332800.0,-0.11602183468609656
P46940,20141108_H3heavyN3light_2,476212166.5,591047714.5,-0.31167012221249907
P48163,20141108_H1heavyN1light_1,237701860.0,342733060.0,-0.5279321684928959
P48163,20141108_H1heavyN1light_2,132759464.0,196234140.0,-0.5637613476426666
P48163,20141108_H1heavyN1light_3,139206510.0,136218400.0,0.0313050887574866
P48163,20141108_H2heavyN2light_1,348729000.0,539142400.0,-0.6285600301299941
P48163,20141108_H2heavyN2light_2,47482904.0,65617440.0,-0.46667113837000546
P48163,20141108_H3heavyN3light_1,73898340.0,104105464.0,-0.4944319286484348
P48163,20141108_H3heavyN3light_2,231994510.0,314228930.0,-0.4377253455116778
P48163,20141108_H3heavyN3light_3,252396960.0,270814430.0,-0.10161007926105504
P48729,20141108_H1heavyN1light_3,8575233.0,11435685.0,-0.41529500929028956
P49321,20141108_H3heavyN3light_2,25829558.0,24857054.0,0.05536763433813445
P49327,20141108_H1heavyN1light_1,33557144.0,84479840.0,-1.3319871670030095
P49327,20141108_H1heavyN1light_2,20052824.0,43611084.0,-1.12088942767915
P49327,20141108_H1heavyN1light_4,320344350.0,465857470.0,-0.5402650815082236
P49327,20141108_H2heavyN2light_2,4562954.0,9479594.0,-1.0548571617178035
P49327,20141108_H2heavyN2light_4,1098128400.0,1840316900.0,-0.7449074646656703
P49327,20141108_H3heavyN3light_2,4918122.5,37291290.0,-2.922659129475981
P49588,20141108_H1heavyN1light_1,785607300.0,993803400.0,-0.3391521421557204
P49588,20141108_H1heavyN1light_2,352106000.0,397093920.0,-0.17347046018248707
P49588,20141108_H2heavyN2light_1,902601200.0,1141962000.0,-0.3393540425736148
P49588,20141108_H2heavyN2light_2,78975780.0,106899600.0,-0.4367742688963447
P49588,20141108_H3heavyN3light_1,423905200.0,475715330.0,-0.16635685323187088
P49588,20141108_H3heavyN3light_2,627882240.0,658953700.0,-0.06968309539590566
P49770,20141108_H3heavyN3light_2,13747926.0,24376826.0,-0.8262962998189246
P49902,20141108_H1heavyN1light_1,12299339.0,39084892.0,-1.6680302680148562
P49902,20141108_H2heavyN2light_1,8357759.5,39704804.0,-2.2481254239322763
P50454,20141108_H2heavyN2light_1,8113510.0,6271991.0,0.37140268709503177
P52209,20141108_H1heavyN1light_1,320548060.0,408218850.0,-0.3488021247395117
P52209,20141108_H2heavyN2light_1,162146300.0,215915680.0,-0.41317191357996136
P52209,20141108_H3heavyN3light_1,153699040.0,189078780.0,-0.2988793070616421
P52292,20141108_H1heavyN1light_2,16681474.0,45505612.0,-1.4477977041887469
P52292,20141108_H2heavyN2light_3,23649832.0,58199824.0,-1.2991848551295173
P54619,20141108_H1heavyN1light_3,3715479.0,4794390.0,-0.36779905472018065
P54725,20141108_H1heavyN1light_2,55644172.0,64962976.0,-0.22338713289621434
P54725,20141108_H1heavyN1light_3,60332520.0,68947630.0,-0.1925651186563236
P54725,20141108_H2heavyN2light_1,72374870.0,83503500.0,-0.20634781683634956
P54725,20141108_H3heavyN3light_2,55826962.0,56050330.0,-0.005760817558582134
P54727,20141108_H1heavyN1light_3,284409440.0,355716030.0,-0.32275663843943075
P54727,20141108_H2heavyN2light_3,312631400.0,355995800.0,-0.18739753384725752
P54727,20141108_H3heavyN3light_3,202895490.0,241018370.0,-0.24840631339896382
P55060,20141108_H1heavyN1light_3,10540983.0,13309532.0,-0.33645043112809725
P55060,20141108_H3heavyN3light_3,28455628.0,33177766.0,-0.2215027274702181
P55072,20141108_H1heavyN1light_2,211844140.0,274862200.0,-0.3757052944369775
P55072,20141108_H2heavyN2light_3,405897900.0,622359900.0,-0.616632231381788
P55072,20141108_H3heavyN3light_3,238092080.0,342650560.0,-0.5252184138616741
P55209,20141108_H1heavyN1light_1,15041530.0,32729024.0,-1.1216192578783917
P55268,20141108_H3heavyN3light_1,4146684.5,2987963.2,0.47279590425179524
P55884,20141108_H3heavyN3light_1,43534520.0,68394904.0,-0.6517290194499461
P58107,20141108_H1heavyN1light_2,23782678.0,38086460.0,-0.6793670248313044
P58107,20141108_H1heavyN1light_3,203595970.0,222888284.0,-0.130611779280574
P58107,20141108_H1heavyN1light_4,66649184.0,88276348.0,-0.40543973423285623
P58107,20141108_H2heavyN2light_1,25399824.0,27100962.0,-0.09352556334658525
P58107,20141108_H2heavyN2light_3,91308520.0,108306574.0,-0.2462994248994498
P58107,20141108_H2heavyN2light_4,63934372.0,61175030.0,0.06364884868792196
P58107,20141108_H3heavyN3light_3,309725630.0,260565065.0,0.24934710293810025
P58107,20141108_H3heavyN3light_4,172485312.0,184762060.0,-0.09919502236760071
P60174,20141108_H2heavyN2light_4,17227004000.0,16982807000.0,0.020596885777916695
P60953,20141108_H1heavyN1light_1,153614610.0,218282200.0,-0.506879054753669
P60953,20141108_H1heavyN1light_2,1010960960.0,1422729500.0,-0.49293410577743935
P60953,20141108_H1heavyN1light_3,649664450.0,816640900.0,-0.33000706190603235
P60953,20141108_H2heavyN2light_1,278663940.0,417446340.0,-0.5830644352881824
P60953,20141108_H2heavyN2light_2,1022007040.0,1449657000.0,-0.5043064536905277
P60953,20141108_H2heavyN2light_3,602484600.0,855842100.0,-0.5064202834293615
P60953,20141108_H2heavyN2light_4,94051940.0,113986800.0,-0.27733715832358935
P60953,20141108_H3heavyN3light_1,112250420.0,142300500.0,-0.3422198880445306
P60953,20141108_H3heavyN3light_2,635574700.0,838013700.0,-0.3989121323586573
P60953,20141108_H3heavyN3light_3,1173245400.0,1380114600.0,-0.23428326451039197
P61247,20141108_H1heavyN1light_2,37290264.0,52700836.0,-0.49902683685157523
P61247,20141108_H2heavyN2light_2,2510307.0,5114289.5,-1.0266700177274588
P61247,20141108_H3heavyN3light_2,6167722.0,8503727.0,-0.4633575423556587
P61960,20141108_H1heavyN1light_2,350624300.0,446736100.0,-0.3494968556628345
P61960,20141108_H2heavyN2light_2,368203780.0,417388800.0,-0.18088745091845299
P61960,20141108_H3heavyN3light_2,554223740.0,567933760.0,-0.035254163697183365
P61978,20141108_H1heavyN1light_1,855740098.0,1007021616.0,-0.2348500528986876
P61978,20141108_H1heavyN1light_2,3761304830.0,4450565930.0,-0.24275556712303134
P61978,20141108_H1heavyN1light_3,2996484900.0,3614388700.0,-0.2704805615755564
P61978,20141108_H2heavyN2light_1,1507505500.0,1872465400.0,-0.31277579468138483
P61978,20141108_H2heavyN2light_2,2990535345.8,3710981680.0,-0.31139710966323436
P61978,20141108_H2heavyN2light_3,2282575400.0,2850659600.0,-0.3206332586166731
P61978,20141108_H3heavyN3light_1,876738750.0,889966700.0,-0.02160434213365673
P61978,20141108_H3heavyN3light_2,2895432000.0,3092098039.0,-0.09480744737118552
P61978,20141108_H3heavyN3light_3,4524441000.0,4940958000.0,-0.1270512358481544
P61981,20141108_H1heavyN1light_1,217451040.0,218807280.0,-0.008970130475452106
P62081,20141108_H1heavyN1light_5,1390335200.0,1919610400.0,-0.46538078589971915
P62081,20141108_H2heavyN2light_5,2233514000.0,2991690800.0,-0.4216457784775705
P62191,20141108_H3heavyN3light_2,156068640.0,127264010.0,0.2943561895628072
P62258,20141108_H1heavyN1light_1,479925800.0,522245440.0,-0.12191661843083033
P62258,20141108_H2heavyN2light_1,212343300.0,224207170.0,-0.07843382682372169
P62258,20141108_H2heavyN2light_2,6476145.0,7753653.5,-0.25974097674653834
P62258,20141108_H3heavyN3light_1,241682290.0,235373460.0,0.038160103524429945
P62258,20141108_H3heavyN3light_2,108356590.0,99062880.0,0.12937042814786234
P62736,20141108_H2heavyN2light_5,31789822000.0,40056988000.0,-0.33348900639410345
P62937,20141108_H1heavyN1light_2,788760060.0,748091600.0,0.07637156905054383
P62937,20141108_H1heavyN1light_3,1094020500.0,1138179700.0,-0.05708858170533814
P62937,20141108_H1heavyN1light_4,259883090.0,263400210.0,-0.019393731818616415
P62937,20141108_H2heavyN2light_1,487973440.0,462814750.0,0.07636778103807954
P62937,20141108_H2heavyN2light_2,609109500.0,557529800.0,0.12765268641928756
P62937,20141108_H2heavyN2light_3,1071610900.0,1043694100.0,0.03808223162451918
P62937,20141108_H2heavyN2light_4,239554420.0,248428900.0,-0.052479580810256256
P62937,20141108_H3heavyN3light_2,352255870.0,311851200.0,0.1757659374360708
P62937,20141108_H3heavyN3light_3,1318816900.0,1092827400.0,0.27117871840003077
P63010,20141108_H2heavyN2light_2,162133890.0,263005070.0,-0.6979049295152505
P63027,20141108_H1heavyN1light_2,90962400.0,105443360.0,-0.2131260236433509
P63027,20141108_H2heavyN2light_2,17949304.0,25813184.0,-0.5241802023297785
P63104,20141108_H1heavyN1light_1,3374290560.0,3393915770.0,-0.008366551228999097
P63104,20141108_H1heavyN1light_2,1098218690.0,1030906830.0,0.09125141654266296
P63104,20141108_H1heavyN1light_3,229095950.0,198719170.0,0.20522090173265028
P63104,20141108_H1heavyN1light_4,35771508.0,36677268.0,-0.03607524158454939
P63104,20141108_H1heavyN1light_5,5363175.5,6069239.0,-0.17842816982910253
P63104,20141108_H2heavyN2light_1,2054531790.0,2100643460.0,-0.032021662020826056
P63104,20141108_H2heavyN2light_2,227607610.0,255242116.0,-0.16531760478960714
P63104,20141108_H2heavyN2light_3,70176184.0,71867256.0,-0.034353103007454706
P63104,20141108_H2heavyN2light_4,394877820.0,376749570.0,0.06780046972667057
P63104,20141108_H3heavyN3light_1,1282986976.0,1150056536.0,0.15780174043212394
P63104,20141108_H3heavyN3light_2,802797580.0,688100080.0,0.2224178562957902
P63104,20141108_H3heavyN3light_3,414090750.0,359670180.0,0.20327242439664545
P63104,20141108_H3heavyN3light_4,4655821370.0,4432426100.0,0.07093912952685315
P63241,20141108_H1heavyN1light_1,229461440.0,308857440.0,-0.4286893485169972
P63241,20141108_H1heavyN1light_2,17697804.0,58713384.0,-1.7301190529316703
P63241,20141108_H2heavyN2light_1,63495770.0,109958100.0,-0.7922214935463144
P63241,20141108_H3heavyN3light_2,19178392.0,31105086.0,-0.6976687314678481
P67809,20141108_H1heavyN1light_3,3275619851.0,5567194656.0,-0.7651825915994466
P67809,20141108_H1heavyN1light_4,7202800820.0,12033391980.0,-0.7404134526965049
P67809,20141108_H2heavyN2light_4,5046295632.0,9414388153.0,-0.8996426086453024
P67809,20141108_H3heavyN3light_4,927853800.0,1361326000.0,-0.5530431879490835
P68363,20141108_H1heavyN1light_1,90330630.0,127523490.0,-0.49747584211519125
P68363,20141108_H2heavyN2light_1,243650830.0,169778580.0,0.5211606833741611
P68363,20141108_H2heavyN2light_2,46008424.0,43386450.0,0.08465349268774376
P68363,20141108_H3heavyN3light_2,272001400.0,206766260.0,0.39561329038558274
P68363,20141108_H3heavyN3light_3,116905900.0,125613590.0,-0.10364481475306893
P78347,20141108_H1heavyN1light_1,50503710.0,55576492.0,-0.13808540213185697
P78347,20141108_H2heavyN2light_1,52969830.0,74842370.0,-0.49868436598877586
P78527,20141108_H1heavyN1light_3,46523410.0,60519264.0,-0.37943759735854005
P78527,20141108_H2heavyN2light_2,3094946.8,4592352.0,-0.5693186169185704
P78527,20141108_H2heavyN2light_3,32328686.0,41083440.0,-0.3457421162133626
P78527,20141108_H3heavyN3light_3,57876760.0,65440184.0,-0.17719264415975675
P78527,20141108_H3heavyN3light_4,20007996.0,32374149.75,-0.6942656292456615
P80723,20141108_H1heavyN1light_4,7369583983.0,9023607842.5,-0.2921211902271269
P80723,20141108_H2heavyN2light_3,46230160.0,59639900.0,-0.3674434829441574
P80723,20141108_H2heavyN2light_4,2035169900.0,2310326300.0,-0.1829473871824328
P80723,20141108_H3heavyN3light_4,3666255913.5,3785955563.5,-0.046349984963477274
Q00610,20141108_H1heavyN1light_1,782902600.0,1068647550.0,-0.4488813773450494
Q00610,20141108_H1heavyN1light_2,170576620.0,223004510.0,-0.3866529693006658
Q00610,20141108_H1heavyN1light_3,79950800.0,118765530.0,-0.5709318005272672
Q00610,20141108_H2heavyN2light_1,862807500.0,1139637200.0,-0.4014639975783421
Q00610,20141108_H2heavyN2light_2,22254544.0,27290970.0,-0.2943237330905832
Q00610,20141108_H2heavyN2light_3,23688024.0,27924100.0,-0.23735292574899858
Q00610,20141108_H2heavyN2light_4,69859380.0,95118930.0,-0.44527864727743244
Q00610,20141108_H3heavyN3light_1,97355730.0,113119840.0,-0.2165141863933518
Q00610,20141108_H3heavyN3light_2,158713360.0,201366880.0,-0.3434028393896607
Q00610,20141108_H3heavyN3light_3,239325150.0,285977060.0,-0.2569274105303429
Q00610,20141108_H3heavyN3light_4,70595020.0,87655860.0,-0.31228412702597735
Q01518,20141108_H1heavyN1light_1,267465760.0,355098430.0,-0.40886476704296304
Q01518,20141108_H1heavyN1light_2,1128516060.0,1254749400.0,-0.1529723064437485
Q01518,20141108_H1heavyN1light_3,1912749600.0,2137517600.0,-0.16028827761579265
Q01518,20141108_H1heavyN1light_4,428771200.0,496417150.0,-0.21134495280562218
Q01518,20141108_H1heavyN1light_5,23875564.0,25216492.0,-0.07883277507942466
Q01518,20141108_H2heavyN2light_1,681036580.0,833627476.0,-0.29167053830250095
Q01518,20141108_H2heavyN2light_2,414978880.0,454692770.0,-0.13185415061128328
Q01518,20141108_H2heavyN2light_3,1729137900.0,1953000400.0,-0.175639315164687
Q01518,20141108_H2heavyN2light_4,440406620.0,484040600.0,-0.13629190685723375
Q01518,20141108_H3heavyN3light_1,32687356.0,24033862.0,0.4436641920787282
Q01518,20141108_H3heavyN3light_2,707322740.0,694723450.0,0.025929848311223577
Q01518,20141108_H3heavyN3light_3,4111451100.0,4275320800.0,-0.05638500698920078
Q01518,20141108_H3heavyN3light_4,1119429500.0,1180479500.0,-0.07660931592505545
Q04760,20141108_H3heavyN3light_2,8197755.0,10102292.0,-0.3013818686082915
Q04837,20141108_H1heavyN1light_2,54060860.0,72052184.0,-0.4144576986742224
Q04837,20141108_H2heavyN2light_2,117930400.0,139465630.0,-0.2419739641764784
Q04917,20141108_H1heavyN1light_1,82538664.0,76923230.0,0.10165074396798153
Q05519,20141108_H1heavyN1light_2,45324910.0,82575170.0,-0.865403879367762
Q05519,20141108_H3heavyN3light_2,59628520.0,93116670.0,-0.6430369370744395
Q07021,20141108_H1heavyN1light_1,109205200.0,162037870.0,-0.5692894715407452
Q07021,20141108_H3heavyN3light_1,132577760.0,162299760.0,-0.29182208373380253
Q07157,20141108_H2heavyN2light_2,12722386.0,34090764.0,-1.4220116677515378
Q08945,20141108_H1heavyN1light_1,228269890.0,346623500.0,-0.6026288950277467
Q08945,20141108_H3heavyN3light_1,159236720.0,187599740.0,-0.23648476854655998
Q09666,20141108_H2heavyN2light_5,211160540.0,132580070.0,0.6714763408291791
Q10567,20141108_H1heavyN1light_2,486411600.0,612640500.0,-0.33286310799166496
Q10567,20141108_H2heavyN2light_1,236933940.0,328032160.0,-0.46935238774401006
Q10567,20141108_H2heavyN2light_2,141065440.0,229581920.0,-0.7026444500874547
Q10567,20141108_H3heavyN3light_2,204597040.0,245255200.0,-0.2614984522750322
Q12797,20141108_H1heavyN1light_1,175536220.0,166522600.0,0.07605075647997038
Q12797,20141108_H2heavyN2light_1,59442.2,65584.4,-0.1418651820452717
Q12797,20141108_H2heavyN2light_2,465373.4,416512.22,0.16002992769502278
Q12797,20141108_H3heavyN3light_1,111630269.9,71508337.36,0.6425449197344121
Q12906,20141108_H1heavyN1light_1,18840684.0,45768270.0,-1.280496418276499
Q13084,20141108_H2heavyN2light_3,113087730.0,176260940.0,-0.6402703984980056
Q13283,20141108_H3heavyN3light_2,47579344.0,102970940.0,-1.1138299580207764
Q13409,20141108_H1heavyN1light_1,5372449.0,10355170.0,-0.9466994508587939
Q13409,20141108_H1heavyN1light_2,8741623.0,18110464.0,-1.0508504439334536
Q13409,20141108_H2heavyN2light_2,1406671.1,4138132.8,-1.5566948994895509
Q13724,20141108_H1heavyN1light_1,30878710.0,45761760.0,-0.5675300559976297
Q13751,20141108_H1heavyN1light_2,14364480.0,11554885.0,0.31400286621658324
Q13751,20141108_H1heavyN1light_3,38418970.0,21509304.0,0.8368579986805644
Q13751,20141108_H2heavyN2light_1,16738764.0,17372886.0,-0.05364443341434999
Q13751,20141108_H2heavyN2light_2,13258717.0,11400408.0,0.2178557208533151
Q13751,20141108_H3heavyN3light_3,143609870.0,32100210.0,2.161500265299657
Q13813,20141108_H1heavyN1light_1,264034160.0,287434210.0,-0.1225071859694918
Q13813,20141108_H1heavyN1light_2,144368538.0,176665270.0,-0.291262081150686
Q13813,20141108_H2heavyN2light_2,75592610.0,85518080.0,-0.17798426070442683
Q13813,20141108_H3heavyN3light_1,50186956.0,40681984.0,0.30292240565748163
Q13813,20141108_H3heavyN3light_2,238135360.0,204031180.0,0.22299221655817694
Q14204,20141108_H1heavyN1light_1,334657100.0,377082620.0,-0.17219703471561718
Q14204,20141108_H1heavyN1light_2,118252140.0,129607260.0,-0.13228024145430387
Q14204,20141108_H2heavyN2light_1,514139860.0,604749760.0,-0.23417742663405752
Q14204,20141108_H3heavyN3light_1,276434670.0,271402370.0,0.02650524857515867
Q14204,20141108_H3heavyN3light_2,66237348.0,86177410.0,-0.3796648283315331
Q14444,20141108_H1heavyN1light_2,4528605.0,1962598.5,1.20630164559927
Q14444,20141108_H3heavyN3light_3,10650480.0,11828064.0,-0.15129550295214564
Q14651,20141108_H1heavyN1light_1,32760272.0,37483490.0,-0.19430794985903088
Q14651,20141108_H1heavyN1light_2,44287016.0,39830870.0,0.15299680172914515
Q14651,20141108_H1heavyN1light_3,60406510.0,81130240.0,-0.42553571925346734
Q14651,20141108_H2heavyN2light_1,20850532.0,32768732.0,-0.652235653851584
Q14651,20141108_H2heavyN2light_2,14034650.0,13049422.0,0.10500717926625518
Q14651,20141108_H2heavyN2light_3,17484450.0,23131570.0,-0.4037907741933552
Q14651,20141108_H3heavyN3light_2,5121035.5,6041553.5,-0.23848400571001058
Q14651,20141108_H3heavyN3light_3,81576420.0,106316910.0,-0.38214697914729634
Q14651,20141108_H3heavyN3light_4,11697728.0,15901285.0,-0.44291500747372103
Q14764,20141108_H1heavyN1light_1,38442536.0,44455090.0,-0.20964510178345958
Q14764,20141108_H2heavyN2light_1,66401640.0,50413176.0,0.39741802782458
Q14974,20141108_H1heavyN1light_2,27896624.0,49184628.0,-0.8181169506813318
Q14974,20141108_H1heavyN1light_3,1160682200.0,1537221500.0,-0.40535204969193367
Q14974,20141108_H1heavyN1light_4,536672860.0,719668160.0,-0.4232888995173929
Q14974,20141108_H2heavyN2light_3,366127420.0,488775200.0,-0.41682526205880793
Q14974,20141108_H2heavyN2light_4,646872500.0,822556800.0,-0.3466339228269642
Q14974,20141108_H3heavyN3light_3,974927170.0,1009331300.0,-0.05003344391617324
Q14974,20141108_H3heavyN3light_4,825593540.0,1016374800.0,-0.299928923461813
Q14980,20141108_H1heavyN1light_3,121505110.0,175950240.0,-0.5341504930916171
Q14980,20141108_H3heavyN3light_1,36216532.0,29791524.0,0.2817464769668896
Q14CX7,20141108_H1heavyN1light_2,7911155.0,17152980.0,-1.1164989952146986
Q15006,20141108_H1heavyN1light_2,39386610.0,54203910.0,-0.460691674429419
Q15006,20141108_H2heavyN2light_2,51336150.0,72126850.0,-0.4905613145073872
Q15006,20141108_H2heavyN2light_3,45532948.0,75733580.0,-0.7340222592217235
Q15006,20141108_H3heavyN3light_2,26923654.0,40502916.0,-0.5891515566907439
Q15006,20141108_H3heavyN3light_3,69627310.0,89937340.0,-0.3692669282605616
Q15020,20141108_H3heavyN3light_2,91724904.0,121702380.0,-0.4079719868811608
Q15084,20141108_H1heavyN1light_1,175307620.0,176067020.0,-0.00623598971081483
Q15084,20141108_H2heavyN2light_1,41995816.0,41627776.0,0.01269911752184892
Q15149,20141108_H1heavyN1light_2,60823496.0,73511000.0,-0.2733314056659304
Q15149,20141108_H1heavyN1light_3,272430820.0,305184860.0,-0.1637934687407924
Q15149,20141108_H1heavyN1light_4,109413464.0,134507470.0,-0.297896014888341
Q15149,20141108_H2heavyN2light_2,44229520.0,53090308.0,-0.2634389256863819
Q15149,20141108_H2heavyN2light_3,215975630.0,218109300.0,-0.014182754138790126
Q15149,20141108_H2heavyN2light_4,435633800.0,688064180.0,-0.6594272459212362
Q15149,20141108_H3heavyN3light_1,19177772.0,34390864.0,-0.8425902377627446
Q15149,20141108_H3heavyN3light_2,60237880.0,87403340.0,-0.5370174144318116
Q15149,20141108_H3heavyN3light_3,133260440.0,98905020.0,0.4301329091778505
Q15149,20141108_H3heavyN3light_4,615989760.0,1083808000.0,-0.8151309279874804
Q15386,20141108_H2heavyN2light_3,2399284.2,6516367.5,-1.4414639111788796
Q15393,20141108_H1heavyN1light_1,42974976.0,84398740.0,-0.97372462689779
Q15397,20141108_H1heavyN1light_2,1610354.2,2266313.0,-0.4929690788792873
Q15397,20141108_H1heavyN1light_3,16223777.0,32172334.0,-0.9877108753266015
Q15397,20141108_H2heavyN2light_3,17256738.0,37124996.0,-1.1052310893836097
Q15397,20141108_H3heavyN3light_3,21868400.0,39332020.0,-0.8468566120435619
Q15582,20141108_H3heavyN3light_3,59159610.0,41915080.0,0.49714315874128034
Q15642,20141108_H2heavyN2light_3,39027908.0,33745570.0,0.20980800989403664
Q15642,20141108_H2heavyN2light_4,77834280.0,86109010.0,-0.14575851052304634
Q15785,20141108_H1heavyN1light_2,20951000.0,23199644.0,-0.147083561270077
Q16543,20141108_H1heavyN1light_1,428248450.0,524756540.0,-0.2932002171892007
Q16543,20141108_H3heavyN3light_1,294246000.0,307038980.0,-0.06139902064021302
Q16630,20141108_H2heavyN2light_1,15926455.0,21217306.0,-0.41381630684941806
Q16881,20141108_H1heavyN1light_1,101553810.0,166710200.0,-0.7150980105848236
Q16881,20141108_H1heavyN1light_4,65592970.0,92093700.0,-0.48956126628882407
Q3LXA3,20141108_H1heavyN1light_1,9304320.0,12302086.0,-0.40293034566672026
Q3LXA3,20141108_H3heavyN3light_2,14182747.0,15045879.0,-0.08523140375057098
Q3YEC7,20141108_H2heavyN2light_2,12475388.0,17484520.0,-0.48699350462004964
Q5JTH9,20141108_H1heavyN1light_2,35454148.0,70885256.0,-0.9995311536587416
Q5JTH9,20141108_H2heavyN2light_2,22974190.0,44322520.0,-0.9480259121735389
Q5JTH9,20141108_H3heavyN3light_2,18796492.0,37822136.0,-1.0087674055667377
Q5MIZ7,20141108_H1heavyN1light_2,6946003.0,12225372.0,-0.815623425985914
Q5MIZ7,20141108_H2heavyN2light_1,3987843.5,9322984.0,-1.2251829977002577
Q5T4S7,20141108_H1heavyN1light_2,60996584.0,73832300.0,-0.2755236520969251
Q5T4S7,20141108_H1heavyN1light_3,270875230.0,336235300.0,-0.31184272199935575
Q5T4S7,20141108_H1heavyN1light_4,111066264.0,143057570.0,-0.36517517143129935
Q5T4S7,20141108_H2heavyN2light_3,248971970.0,315678980.0,-0.3424748710802268
Q5T4S7,20141108_H2heavyN2light_4,163956770.0,186235540.0,-0.18381294005065216
Q5T4S7,20141108_H3heavyN3light_3,306375420.0,337885730.0,-0.14123486530465498
Q5TFE4,20141108_H1heavyN1light_3,55522760.0,74009890.0,-0.41463878697730366
Q5TFE4,20141108_H2heavyN2light_3,32507644.0,36235924.0,-0.15664168275904022
Q5VIR6,20141108_H2heavyN2light_2,54743430.0,18240944.0,1.585505437554113
Q68E01,20141108_H1heavyN1light_4,42581970.0,84300190.0,-0.9852931870273548
Q68E01,20141108_H2heavyN2light_4,31961200.0,63277364.0,-0.9853679254406748
Q68E01,20141108_H3heavyN3light_4,19889288.0,28968106.0,-0.5424737297795125
Q6NXG1,20141108_H1heavyN1light_1,171616880.0,331303650.0,-0.9489626364841559
Q6NXG1,20141108_H1heavyN1light_2,33529002.0,72322410.0,-1.1090332119329416
Q6NXG1,20141108_H2heavyN2light_1,173816210.0,340185100.0,-0.9687573194595824
Q6NXG1,20141108_H3heavyN3light_1,135582190.0,228827340.0,-0.7550917544724636
Q6NXG1,20141108_H3heavyN3light_2,30815900.0,55863310.0,-0.8582261317416793
Q6PIU2,20141108_H1heavyN1light_1,60829620.0,87514990.0,-0.5247561582626206
Q6PKG0,20141108_H3heavyN3light_2,117013370.0,189750770.0,-0.6974323578358728
Q7KZF4,20141108_H1heavyN1light_1,265932030.0,334309020.0,-0.3301247288009145
Q7Z417,20141108_H1heavyN1light_4,14070286.0,25545144.0,-0.8603974144995077
Q7Z6Z7,20141108_H1heavyN1light_2,306825860.0,348770980.0,-0.18485992188330727
Q7Z6Z7,20141108_H1heavyN1light_3,201659900.0,214663400.0,-0.09015200032681209
Q7Z6Z7,20141108_H2heavyN2light_2,264301580.0,320636860.0,-0.2787552359235159
Q7Z6Z7,20141108_H2heavyN2light_3,230545550.0,247770350.0,-0.10395173538094847
Q7Z6Z7,20141108_H3heavyN3light_3,344491870.0,340232960.0,0.017947027197282816
Q86UP2,20141108_H1heavyN1light_1,20548520.0,23089876.0,-0.16822593735953814
Q8IUF8,20141108_H1heavyN1light_1,14053962.0,22251856.0,-0.6629487716918584
Q8IYB3,20141108_H1heavyN1light_1,195847410.0,341829660.0,-0.8035475333551946
Q8IYB3,20141108_H3heavyN3light_1,178229000.0,220981060.0,-0.3101906236157775
Q8N3D4,20141108_H1heavyN1light_3,18236526.0,21586440.0,-0.24329440922081186
Q8NBF2,20141108_H1heavyN1light_2,42117308.0,52517616.0,-0.31838820061538703
Q8NBF2,20141108_H2heavyN2light_1,25421250.0,30313520.0,-0.25392641580504427
Q8TAT6,20141108_H1heavyN1light_2,43826572.0,67156110.0,-0.6157128255272623
Q8TAT6,20141108_H2heavyN2light_2,18710852.0,41404776.0,-1.1459219374730918
Q8TAT6,20141108_H3heavyN3light_2,35622040.0,45247804.0,-0.3450776370045859
Q8TEX9,20141108_H1heavyN1light_3,109025380.0,156277660.0,-0.5194475399825962
Q8TEX9,20141108_H2heavyN2light_3,105713120.0,169480600.0,-0.6809657013340913
Q8TEX9,20141108_H2heavyN2light_4,49088840.0,74974780.0,-0.6110103084508762
Q8TEX9,20141108_H3heavyN3light_1,32229562.0,35859680.0,-0.15397803183351122
Q8TEX9,20141108_H3heavyN3light_3,141152030.0,149451200.0,-0.08242460372340571
Q8TF05,20141108_H1heavyN1light_4,35668276.0,40395224.0,-0.17954324474829547
Q8TF05,20141108_H2heavyN2light_4,30755206.0,30266182.0,0.023123944798787884
Q8WWI1,20141108_H1heavyN1light_1,434524690.0,491727220.0,-0.1784200647225688
Q8WWI1,20141108_H1heavyN1light_2,227526610.0,313463260.0,-0.462261076183246
Q8WWI1,20141108_H2heavyN2light_1,180283740.0,190954420.0,-0.08295902994759999
Q8WWI1,20141108_H3heavyN3light_1,368383570.0,443497180.0,-0.26771621280174995
Q8WWI1,20141108_H3heavyN3light_2,527951270.0,558731120.0,-0.08174940251721018
Q8WXA9,20141108_H1heavyN1light_2,19532706.0,27394334.0,-0.48798570032094474
Q8WXF1,20141108_H2heavyN2light_3,119127896.0,241733010.0,-1.0209032081772451
Q8WXF1,20141108_H3heavyN3light_3,124893580.0,204420740.0,-0.7108422569140886
Q92616,20141108_H1heavyN1light_1,485306389.0,646404450.0,-0.41354127684217085
Q92616,20141108_H1heavyN1light_2,193432074.0,338836260.0,-0.8087612349660906
Q92616,20141108_H1heavyN1light_3,147438569.0,198057292.0,-0.4258038451015656
Q92616,20141108_H2heavyN2light_1,581671778.0,821846850.0,-0.4986642666964296
Q92616,20141108_H2heavyN2light_2,13940259.0,19589714.0,-0.4908389694421533
Q92616,20141108_H2heavyN2light_3,138303040.0,192029860.0,-0.47349779432768113
Q92616,20141108_H3heavyN3light_1,16242064.0,21257876.0,-0.388262477710664
Q92616,20141108_H3heavyN3light_2,322202560.0,413899460.0,-0.36131240958335215
Q92616,20141108_H3heavyN3light_3,96920740.0,131398696.0,-0.43907363336126265
Q92888,20141108_H1heavyN1light_2,6547672.5,8772523.0,-0.42200966190013284
Q92888,20141108_H2heavyN2light_3,16666462.0,20766578.0,-0.3173156249311227
Q92888,20141108_H3heavyN3light_3,29360616.0,36957150.0,-0.3319712687458089
Q92945,20141108_H3heavyN3light_4,553216100.0,822373500.0,-0.571950632956932
Q96B26,20141108_H1heavyN1light_1,67962290.0,136817380.0,-1.0094451380572913
Q96B26,20141108_H1heavyN1light_2,14793559.0,39410370.0,-1.4136061197164422
Q96B26,20141108_H2heavyN2light_1,54013344.0,191927970.0,-1.8291771990133
Q96B26,20141108_H3heavyN3light_1,10469995.0,12951994.0,-0.3069134691235998
Q96C90,20141108_H1heavyN1light_2,100505280.0,185954770.0,-0.8876804608358875
Q96C90,20141108_H2heavyN2light_1,56725590.0,98240680.0,-0.7923208373808504
Q96C90,20141108_H2heavyN2light_2,46805264.0,103814880.0,-1.1492705447991303
Q96C90,20141108_H3heavyN3light_2,125432050.0,202084130.0,-0.6880500008355402
Q96G03,20141108_H1heavyN1light_1,7033555.0,7540725.0,-0.1004491762951933
Q96HY6,20141108_H3heavyN3light_3,13501466.0,15341110.0,-0.1842868074863856
Q96P70,20141108_H1heavyN1light_2,45110640.0,67900310.0,-0.5899504069254329
Q96P70,20141108_H2heavyN2light_1,50249788.0,73253340.0,-0.5437770313052115
Q96QK1,20141108_H1heavyN1light_3,88803656.0,109816420.0,-0.3064028075941765
Q96QK1,20141108_H2heavyN2light_2,12154255.0,18526068.0,-0.6080952486332855
Q96QK1,20141108_H2heavyN2light_3,105954910.0,142944660.0,-0.43200628163117216
Q96S52,20141108_H1heavyN1light_3,126746170.0,137108290.0,-0.11337365094244621
Q96S52,20141108_H2heavyN2light_3,130262770.0,178239300.0,-0.4523906612946272
Q96S52,20141108_H2heavyN2light_4,40603936.0,55964664.0,-0.46289661539142823
Q96T76,20141108_H1heavyN1light_2,7715710.5,11510708.0,-0.5771056550332064
Q96T76,20141108_H1heavyN1light_3,34242944.0,47151590.0,-0.4614996796640064
Q96T76,20141108_H2heavyN2light_3,15106704.0,53591456.0,-1.8268140866691902
Q96T76,20141108_H3heavyN3light_3,63554796.0,63667970.0,-0.0025667672030722393
Q96TA1,20141108_H1heavyN1light_1,97133416.0,107820400.0,-0.15059056240076554
Q96TA1,20141108_H1heavyN1light_2,255181120.0,338265000.0,-0.40663231753361645
Q96TA1,20141108_H1heavyN1light_3,220110340.0,233187100.0,-0.08326106080449881
Q96TA1,20141108_H2heavyN2light_1,90753300.0,125887210.0,-0.47210970539178193
Q96TA1,20141108_H2heavyN2light_2,135228350.0,143822350.0,-0.08889025038538534
Q96TA1,20141108_H3heavyN3light_2,97612850.0,120900770.0,-0.3086804475476938
Q96TA1,20141108_H3heavyN3light_3,129227540.0,92137230.0,0.48805742836154
Q99102,20141108_H2heavyN2light_2,5091603.0,11191438.0,-1.1362035820553675
Q99471,20141108_H1heavyN1light_2,278788670.0,347400900.0,-0.31742956047138243
Q99471,20141108_H1heavyN1light_3,429109540.0,551400960.0,-0.3617558035485496
Q99471,20141108_H1heavyN1light_4,96112990.0,115350010.0,-0.263214794623447
Q99471,20141108_H2heavyN2light_1,50411836.0,71410980.0,-0.5023834187385746
Q99471,20141108_H2heavyN2light_2,143135060.0,194549170.0,-0.4427577312946293
Q99471,20141108_H2heavyN2light_3,434527740.0,540661200.0,-0.31527654579749914
Q99471,20141108_H2heavyN2light_4,97312456.0,118200530.0,-0.28054011745076485
Q99471,20141108_H3heavyN3light_2,85267950.0,96721770.0,-0.18183707405559366
Q99471,20141108_H3heavyN3light_3,595666200.0,696136200.0,-0.2248655006630357
Q99471,20141108_H3heavyN3light_4,177190690.0,188817600.0,-0.09169044353170329
Q99497,20141108_H1heavyN1light_1,635212400.0,794984800.0,-0.3236882008817867
Q99497,20141108_H1heavyN1light_4,8558887.0,8647005.0,-0.01477732315045031
Q99497,20141108_H2heavyN2light_4,26139650.0,36087012.0,-0.4652398690913427
Q99497,20141108_H3heavyN3light_1,368810880.0,390176830.0,-0.08124689224494779
Q99497,20141108_H3heavyN3light_4,164432080.0,164059620.0,0.003271598187734302
Q99829,20141108_H1heavyN1light_1,18685616.0,23523778.0,-0.332191655430968
Q99829,20141108_H1heavyN1light_2,57011788.0,63945480.0,-0.16558213761293625
Q99829,20141108_H1heavyN1light_3,34099776.0,44360892.0,-0.3795261129391541
Q99829,20141108_H2heavyN2light_1,31671496.0,40650270.0,-0.36007992021075996
Q99829,20141108_H2heavyN2light_2,23096792.0,22963234.0,0.008366647656679192
Q99829,20141108_H2heavyN2light_3,31759328.0,33971176.0,-0.0971307750761616
Q99829,20141108_H3heavyN3light_2,26765690.0,27654614.0,-0.047135360458804045
Q99829,20141108_H3heavyN3light_3,92524664.0,106043850.0,-0.19675105782129135
Q99832,20141108_H1heavyN1light_1,80330380.0,113272616.0,-0.4957815211282559
Q99832,20141108_H2heavyN2light_1,41693364.0,71824020.0,-0.7846486234108456
Q99832,20141108_H3heavyN3light_1,61633924.0,66774630.0,-0.115575431876312
Q9BSJ8,20141108_H1heavyN1light_2,162491980.0,181525400.0,-0.15980291807857339
Q9BSJ8,20141108_H2heavyN2light_2,131499800.0,145798110.0,-0.1489114126383339
Q9BSJ8,20141108_H3heavyN3light_2,181485300.0,189066580.0,-0.05904167342234698
Q9BT78,20141108_H1heavyN1light_2,8589523.0,8798225.0,-0.03463447951351732
Q9BT78,20141108_H1heavyN1light_3,31223736.0,42839010.0,-0.4562819703101928
Q9BT78,20141108_H2heavyN2light_3,25313476.0,30094590.0,-0.2495985327294575
Q9BT78,20141108_H2heavyN2light_4,9640705.0,18101408.0,-0.9088913642614026
Q9BT78,20141108_H3heavyN3light_3,66913890.0,76609150.0,-0.19521099732202626
Q9BWD1,20141108_H1heavyN1light_2,88669200.0,104314780.0,-0.23443861853055037
Q9BWD1,20141108_H2heavyN2light_2,39936404.0,48209188.0,-0.271603696437568
Q9BWF3,20141108_H1heavyN1light_5,1205140400.0,1093228800.0,0.14060585978071413
Q9C005,20141108_H1heavyN1light_1,3912856.5,3479939.8,0.1691598529553573
Q9C0B1,20141108_H2heavyN2light_3,35576880.0,49371188.0,-0.47272936497185
Q9GZR7,20141108_H1heavyN1light_2,4546469.5,9993072.0,-1.1361815748233344
Q9GZR7,20141108_H1heavyN1light_3,8555920.0,14720544.0,-0.7828360892825534
Q9H0A0,20141108_H1heavyN1light_4,9615058.0,13767783.0,-0.5179287983914491
Q9H0S4,20141108_H1heavyN1light_2,12038458.0,15526632.0,-0.3670943078398152
Q9H2W6,20141108_H3heavyN3light_1,22976944.0,30560934.0,-0.4115017074084109
Q9H3P7,20141108_H1heavyN1light_1,7620193.0,3866014.0,0.9789806759655524
Q9H3P7,20141108_H1heavyN1light_2,71466120.0,78930100.0,-0.14331611266037872
Q9H3P7,20141108_H2heavyN2light_2,23688252.0,30350268.0,-0.3575375125074553
Q9H3P7,20141108_H3heavyN3light_2,30543842.0,29789350.0,0.03608490046770736
Q9H444,20141108_H2heavyN2light_1,15235196.0,11109104.0,0.4556655988681851
Q9H444,20141108_H3heavyN3light_1,12912816.0,16945394.0,-0.3920895266558652
Q9H4A6,20141108_H2heavyN2light_4,23505482.0,29650924.0,-0.3350797990759661
Q9H4A6,20141108_H3heavyN3light_4,61683600.0,65073990.0,-0.0771940482440359
Q9H6T0,20141108_H1heavyN1light_1,62204960.0,104312340.0,-0.7458083113308455
Q9H6T0,20141108_H1heavyN1light_2,6214616.0,15740240.0,-1.3407203832906238
Q9H6T0,20141108_H2heavyN2light_1,36908250.0,61933076.0,-0.7467667674661496
Q9H6T0,20141108_H3heavyN3light_1,5443024.0,7879132.0,-0.5336283074023074
Q9H6Z4,20141108_H3heavyN3light_1,41080144.0,61471430.0,-0.5814748078375341
Q9H9B4,20141108_H2heavyN2light_1,10285490.0,10049307.0,0.03351450877285846
Q9NQ50,20141108_H1heavyN1light_2,7951034.0,16497308.0,-1.053016232987081
Q9NQC3,20141108_H1heavyN1light_2,139718480.0,164409150.0,-0.23476773994426722
Q9NQC3,20141108_H3heavyN3light_1,390184930.0,334885400.0,0.2204905779938301
Q9NQC3,20141108_H3heavyN3light_2,218562780.0,240870770.0,-0.140211592010453
Q9NQG5,20141108_H1heavyN1light_2,70442450.0,65042396.0,0.11506468352583822
Q9NY33,20141108_H1heavyN1light_1,310138660.0,334635520.0,-0.10967721410151626
Q9NY33,20141108_H1heavyN1light_2,19210964.0,10679472.0,0.8470895937802652
Q9NY33,20141108_H2heavyN2light_1,223368510.0,239472580.0,-0.10043466229796319
Q9NY33,20141108_H3heavyN3light_1,59089396.0,54239812.0,0.1235470740730795
Q9NYL9,20141108_H1heavyN1light_1,14159304.0,17682018.0,-0.32053258338702273
Q9NYU2,20141108_H3heavyN3light_3,39881668.0,36347144.0,0.13388374196545233
Q9NZT2,20141108_H1heavyN1light_1,54835196.0,118737890.0,-1.114606291232161
Q9NZT2,20141108_H1heavyN1light_2,49599628.0,70211770.0,-0.5013835976537021
Q9NZT2,20141108_H2heavyN2light_1,49071200.0,64847820.0,-0.4021815240913378
Q9NZT2,20141108_H2heavyN2light_3,5398113.5,6640481.0,-0.29883243523491454
Q9NZT2,20141108_H3heavyN3light_1,84379976.0,105104100.0,-0.316846366080953
Q9NZT2,20141108_H3heavyN3light_2,65316492.0,89856660.0,-0.4601781283186145
Q9NZT2,20141108_H3heavyN3light_3,6916946.5,15384401.0,-1.1532610697804713
Q9UBX3,20141108_H1heavyN1light_2,116336480.0,171585330.0,-0.5606226540457231
Q9UBX3,20141108_H2heavyN2light_2,67479130.0,85620060.0,-0.3435074732747986
Q9UHD8,20141108_H1heavyN1light_1,196011300.0,296821020.0,-0.5986564353083018
Q9UHD8,20141108_H3heavyN3light_1,245649280.0,305974460.0,-0.3168112241737835
Q9UKV3,20141108_H1heavyN1light_1,22091464.0,32604804.0,-0.5615955179914683
Q9UKY7,20141108_H1heavyN1light_4,516787350.0,556457070.0,-0.10669963370321318
Q9UKY7,20141108_H2heavyN2light_4,291881254.0,315299402.0,-0.1113408767040354
Q9UKY7,20141108_H3heavyN3light_4,480996260.0,488567330.0,-0.022531718958863287
Q9UL46,20141108_H1heavyN1light_2,13516741.0,16347803.0,-0.27434941567592686
Q9UL46,20141108_H2heavyN2light_1,21051038.0,23775828.0,-0.17560421171819396
Q9ULU4,20141108_H1heavyN1light_3,1394245.0,1931800.4,-0.47046194061802715
Q9UN86,20141108_H1heavyN1light_2,15055250.0,23043796.0,-0.6141117262897866
Q9UN86,20141108_H3heavyN3light_2,10905530.0,21181808.0,-0.9577658521422966
Q9UNF1,20141108_H1heavyN1light_1,145456900.0,119944540.0,0.27822424864982864
Q9UPY3,20141108_H1heavyN1light_2,7980015.0,10040702.0,-0.33139677606887713
Q9Y281,20141108_H1heavyN1light_1,24583884.0,45631960.0,-0.8923317576117185
Q9Y2V2,20141108_H3heavyN3light_1,450525380.0,491020480.0,-0.12417481779992147
Q9Y490,20141108_H1heavyN1light_1,141390632.0,214047610.0,-0.5982451909830047
Q9Y490,20141108_H1heavyN1light_2,306090780.0,416070560.0,-0.4428686219175561
Q9Y490,20141108_H1heavyN1light_3,813657400.0,869204740.0,-0.09527458327037151
Q9Y490,20141108_H1heavyN1light_4,319437760.0,294706500.0,0.11625597981214665
Q9Y490,20141108_H2heavyN2light_1,25656856.0,52870416.0,-1.043116285403148
Q9Y490,20141108_H2heavyN2light_2,246335780.0,304181580.0,-0.30430659904209983
Q9Y490,20141108_H2heavyN2light_3,534107970.0,620268800.0,-0.2157621456627566
Q9Y490,20141108_H2heavyN2light_4,281090560.0,349578620.0,-0.3145819494428176
Q9Y490,20141108_H3heavyN3light_1,77540060.0,84115336.0,-0.11742700676072126
Q9Y490,20141108_H3heavyN3light_3,728064500.0,776103550.0,-0.09218288787915954
Q9Y4L1,20141108_H1heavyN1light_1,324092960.0,429662270.0,-0.40679541252932244
Q9Y4L1,20141108_H1heavyN1light_2,43462024.0,40589596.0,0.09864538096778992
Q9Y4L1,20141108_H2heavyN2light_1,218878400.0,286464770.0,-0.38822813514040655
Q9Y4L1,20141108_H3heavyN3light_1,277077400.0,310143230.0,-0.16264559195537567
Q9Y4L1,20141108_H3heavyN3light_2,94402240.0,109844930.0,-0.21857528456433042
Q9Y5L0,20141108_H1heavyN1light_2,21454846.0,32554640.0,-0.6015596391490187
Q9Y5L0,20141108_H3heavyN3light_2,32315262.0,35017070.0,-0.11584268501876785
Q9Y613,20141108_H1heavyN1light_2,44493250.0,77389090.0,-0.7985437116939653
Q9Y613,20141108_H1heavyN1light_3,106942150.0,145129760.0,-0.44051279916385494
Q9Y613,20141108_H2heavyN2light_3,76331940.0,161943600.0,-1.0851326905990686
Q9Y613,20141108_H3heavyN3light_3,129314480.0,179126910.0,-0.4700982576886287
